site ,YYMMMDD ,Yyyy,MJD ,week ,d ,reflon ,e0_m,east_m,no_m,north_m,u0_m,up_m ,ant_m,sig_e_m,sig_n_m,sig_u_m,corr_en ,corr_eu ,corr_nu ,latitude_deg,longitude_deg ,height_m
CBIA ,23JUL28 ,2023.5702,60153,2272,5,-147.0,1365,0.948446,6788258,0.744812,714,0.340602,0.0000,0.000648,0.000963,0.003057,-0.093903,0.189735,-0.031611,61.2042989543,-146.9745915555,714.34060
CBIA ,23JUL29 ,2023.5729,60154,2272,6,-147.0,1365,0.950190,6788258,0.742177,714,0.345806,0.0000,0.000645,0.000973,0.003077,-0.112195,0.175987,-0.060684,61.2042989306,-146.9745915231,714.34581
CBIA ,23JUL30 ,2023.5756,60155,2273,0,-147.0,1365,0.948143,6788258,0.744428,714,0.344298,0.0000,0.000662,0.000976,0.003122,-0.105070,0.186901,-0.054440,61.2042989508,-146.9745915611,714.34430
CBIA ,23JUL31 ,2023.5784,60156,2273,1,-147.0,1365,0.948096,6788258,0.742520,714,0.344216,0.0000,0.000653,0.000968,0.003076,-0.118319,0.177743,-0.057808,61.2042989337,-146.9745915620,714.34422
CBIA ,23AUG01 ,2023.5811,60157,2273,2,-147.0,1365,0.950340,6788258,0.742538,714,0.350795,0.0000,0.000647,0.000971,0.003030,-0.119551,0.183902,-0.040949,61.2042989339,-146.9745915203,714.35080
CBIA ,23AUG02 ,2023.5838,60158,2273,3,-147.0,1365,0.947930,6788258,0.742703,714,0.341281,0.0000,0.000722,0.001079,0.003492,-0.129338,0.160337,-0.136723,61.2042989353,-146.9745915651,714.34128
CBIA ,23AUG03 ,2023.5866,60159,2273,4,-147.0,1365,0.947323,6788258,0.742068,714,0.344428,0.0000,0.000650,0.000985,0.003113,-0.108435,0.159494,-0.064858,61.2042989297,-146.9745915764,714.34443
CBIA ,23AUG04 ,2023.5893,60160,2273,5,-147.0,1365,0.947590,6788258,0.741685,714,0.344023,0.0000,0.000653,0.000987,0.003094,-0.109432,0.168323,-0.063352,61.2042989262,-146.9745915714,714.34402
CBIA ,23AUG05 ,2023.5921,60161,2273,6,-147.0,1365,0.947769,6788258,0.741729,714,0.345160,0.0000,0.000721,0.001050,0.003452,-0.127590,0.182626,-0.091175,61.2042989266,-146.9745915681,714.34516
CBIA ,23AUG06 ,2023.5948,60162,2274,0,-147.0,1365,0.949070,6788258,0.743973,714,0.349434,0.0000,0.000654,0.000960,0.003092,-0.102342,0.210205,-0.023163,61.2042989467,-146.9745915439,714.34943
CBIA ,23AUG07 ,2023.5975,60163,2274,1,-147.0,1365,0.948885,6788258,0.744679,714,0.346380,0.0000,0.000665,0.001001,0.003197,-0.081747,0.166639,-0.061192,61.2042989531,-146.9745915473,714.34638
CBIA ,23AUG08 ,2023.6003,60164,2274,2,-147.0,1365,0.946903,6788258,0.742120,714,0.349128,0.0000,0.000647,0.000968,0.003087,-0.094038,0.172816,-0.067311,61.2042989301,-146.9745915842,714.34913
CBIA ,23AUG09 ,2023.6030,60165,2274,3,-147.0,1365,0.949289,6788258,0.748065,714,0.350116,0.0000,0.000638,0.000970,0.003030,-0.105504,0.170320,-0.055900,61.2042989835,-146.9745915398,714.35012
CBIA ,23AUG10 ,2023.6057,60166,2274,4,-147.0,1365,0.948707,6788258,0.745664,714,0.352903,0.0000,0.000659,0.000990,0.003149,-0.082759,0.173721,-0.053137,61.2042989619,-146.9745915506,714.35290
CBIA ,23AUG11 ,2023.6085,60167,2274,5,-147.0,1365,0.947294,6788258,0.746015,714,0.354868,0.0000,0.000708,0.001025,0.003319,-0.101455,0.190103,-0.068413,61.2042989651,-146.9745915769,714.35487
CBIA ,23AUG12 ,2023.6112,60168,2274,6,-147.0,1365,0.946805,6788258,0.743982,714,0.352157,0.0000,0.000723,0.001057,0.003456,-0.097645,0.157930,-0.088525,61.2042989468,-146.9745915860,714.35216
CBIA ,23AUG13 ,2023.6140,60169,2275,0,-147.0,1365,0.951253,6788258,0.743610,714,0.352856,0.0000,0.000677,0.001006,0.003251,-0.102511,0.192460,-0.110391,61.2042989435,-146.9745915033,714.35286
CBIA ,23AUG14 ,2023.6167,60170,2275,1,-147.0,1365,0.950615,6788258,0.746121,714,0.351104,0.0000,0.000674,0.000999,0.003196,-0.107567,0.185103,-0.095288,61.2042989660,-146.9745915151,714.35110
CBIA ,23AUG15 ,2023.6194,60171,2275,2,-147.0,1365,0.947678,6788258,0.745599,714,0.349635,0.0000,0.000667,0.000989,0.003141,-0.102669,0.176849,-0.082478,61.2042989613,-146.9745915698,714.34964
CBIA ,23AUG16 ,2023.6222,60172,2275,3,-147.0,1365,0.949319,6788258,0.743696,714,0.353381,0.0000,0.000686,0.001014,0.003292,-0.088575,0.179814,-0.120658,61.2042989443,-146.9745915393,714.35338
CBIA ,23AUG17 ,2023.6249,60173,2275,4,-147.0,1365,0.949037,6788258,0.744183,714,0.349094,0.0000,0.000665,0.000985,0.003150,-0.097524,0.189046,-0.076957,61.2042989486,-146.9745915445,714.34909
CBIA ,23AUG18 ,2023.6277,60174,2275,5,-147.0,1365,0.948601,6788258,0.742854,714,0.346735,0.0000,0.000676,0.001000,0.003163,-0.118228,0.193327,-0.080225,61.2042989367,-146.9745915526,714.34673
CBIA ,23AUG19 ,2023.6304,60175,2275,6,-147.0,1365,0.949356,6788258,0.745067,714,0.344752,0.0000,0.000672,0.000990,0.003124,-0.118904,0.191845,-0.101202,61.2042989566,-146.9745915386,714.34475
CBIA ,23AUG20 ,2023.6331,60176,2276,0,-147.0,1365,0.950894,6788258,0.741119,714,0.351037,0.0000,0.000676,0.000991,0.003152,-0.135268,0.203109,-0.111960,61.2042989211,-146.9745915100,714.35104
CBIA ,23AUG21 ,2023.6359,60177,2276,1,-147.0,1365,0.947350,6788258,0.742592,714,0.350412,0.0000,0.000668,0.000985,0.003160,-0.108454,0.204263,-0.091888,61.2042989344,-146.9745915759,714.35041
CBIA ,23AUG22 ,2023.6386,60178,2276,2,-147.0,1365,0.946801,6788258,0.741824,714,0.348129,0.0000,0.000677,0.001000,0.003155,-0.106650,0.166444,-0.122507,61.2042989275,-146.9745915861,714.34813
CBIA ,23AUG23 ,2023.6413,60179,2276,3,-147.0,1365,0.947694,6788258,0.741775,714,0.341232,0.0000,0.000699,0.000995,0.003156,-0.139758,0.233775,-0.105203,61.2042989270,-146.9745915695,714.34123
CBIA ,23AUG24 ,2023.6441,60180,2276,4,-147.0,1365,0.948386,6788258,0.746946,714,0.345461,0.0000,0.000677,0.000986,0.003100,-0.133738,0.210015,-0.093759,61.2042989734,-146.9745915566,714.34546
CBIA ,23AUG25 ,2023.6468,60181,2276,5,-147.0,1365,0.946284,6788258,0.750264,714,0.349758,0.0000,0.000689,0.001029,0.003169,-0.116369,0.164931,-0.114590,61.2042990032,-146.9745915957,714.34976
CBIA ,23AUG26 ,2023.6496,60182,2276,6,-147.0,1365,0.950165,6788258,0.748036,714,0.351228,0.0000,0.000689,0.001019,0.003277,-0.107693,0.205650,-0.113477,61.2042989832,-146.9745915235,714.35123
CBIA ,23AUG27 ,2023.6523,60183,2277,0,-147.0,1365,0.951134,6788258,0.750078,714,0.342535,0.0000,0.000745,0.001061,0.003492,-0.133676,0.230149,-0.137486,61.2042990015,-146.9745915055,714.34254
CBIA ,23AUG28 ,2023.6550,60184,2277,1,-147.0,1365,0.949782,6788258,0.746666,714,0.357309,0.0000,0.000673,0.000998,0.003192,-0.099957,0.184551,-0.115410,61.2042989709,-146.9745915306,714.35731
CBIA ,23AUG29 ,2023.6578,60185,2277,2,-147.0,1365,0.950881,6788258,0.740634,714,0.355398,0.0000,0.000694,0.001002,0.003220,-0.128693,0.216752,-0.101763,61.2042989168,-146.9745915102,714.35540
CBIA ,23AUG30 ,2023.6605,60186,2277,3,-147.0,1365,0.951926,6788258,0.738094,714,0.354202,0.0000,0.000685,0.001020,0.003232,-0.110058,0.189520,-0.125785,61.2042988940,-146.9745914908,714.35420
CBIA ,23AUG31 ,2023.6632,60187,2277,4,-147.0,1365,0.953894,6788258,0.740045,714,0.351239,0.0000,0.000649,0.000967,0.003099,-0.105178,0.194363,-0.073251,61.2042989115,-146.9745914542,714.35124
CBIA ,23SEP01 ,2023.6660,60188,2277,5,-147.0,1365,0.955089,6788258,0.732892,714,0.361903,0.0000,0.000674,0.000996,0.003290,-0.102580,0.163768,-0.114704,61.2042988473,-146.9745914320,714.36190
CBIA ,23SEP02 ,2023.6687,60189,2277,6,-147.0,1365,0.956068,6788258,0.730506,714,0.352595,0.0000,0.000792,0.001178,0.003716,-0.067678,0.130055,-0.139447,61.2042988259,-146.9745914138,714.35259
CBIA ,23SEP03 ,2023.6715,60190,2278,0,-147.0,1365,0.954775,6788258,0.734269,714,0.353846,0.0000,0.000655,0.000981,0.003235,-0.095017,0.142318,-0.132125,61.2042988597,-146.9745914378,714.35385
CBIA ,23SEP04 ,2023.6742,60191,2278,1,-147.0,1365,0.957519,6788258,0.736652,714,0.353957,0.0000,0.000640,0.000947,0.002988,-0.127979,0.185853,-0.074121,61.2042988810,-146.9745913868,714.35396
CBIA ,23SEP05 ,2023.6769,60192,2278,2,-147.0,1365,0.953300,6788258,0.732508,714,0.351487,0.0000,0.000640,0.000963,0.003012,-0.109142,0.164469,-0.063526,61.2042988439,-146.9745914653,714.35149
CBIA ,23SEP06 ,2023.6797,60193,2278,3,-147.0,1365,0.955400,6788258,0.736407,714,0.355408,0.0000,0.000656,0.000968,0.003086,-0.117531,0.192232,-0.064544,61.2042988788,-146.9745914262,714.35541
CBIA ,23SEP07 ,2023.6824,60194,2278,4,-147.0,1365,0.954230,6788258,0.735182,714,0.351704,0.0000,0.000648,0.000970,0.003058,-0.109589,0.175760,-0.072228,61.2042988679,-146.9745914480,714.35170
CBIA ,23SEP08 ,2023.6851,60195,2278,5,-147.0,1365,0.955481,6788258,0.734345,714,0.352611,0.0000,0.000643,0.000957,0.002980,-0.121849,0.162763,-0.057095,61.2042988603,-146.9745914247,714.35261
CBIA ,23SEP09 ,2023.6879,60196,2278,6,-147.0,1365,0.956502,6788258,0.735139,714,0.348344,0.0000,0.000634,0.000958,0.003029,-0.108803,0.157168,-0.097624,61.2042988675,-146.9745914057,714.34834
CBIA ,23SEP10 ,2023.6906,60197,2279,0,-147.0,1365,0.958544,6788258,0.734912,714,0.349826,0.0000,0.000661,0.000959,0.003077,-0.123159,0.217581,-0.061910,61.2042988654,-146.9745913677,714.34983
CBIA ,23SEP11 ,2023.6934,60198,2279,1,-147.0,1365,0.954651,6788258,0.732758,714,0.352286,0.0000,0.000639,0.000977,0.003086,-0.112773,0.163920,-0.104197,61.2042988461,-146.9745914402,714.35229
CBIA ,23SEP12 ,2023.6961,60199,2279,2,-147.0,1365,0.957483,6788258,0.733555,714,0.353977,0.0000,0.000701,0.001065,0.003553,-0.021009,0.130508,-0.189524,61.2042988533,-146.9745913875,714.35398
CBIA ,23SEP13 ,2023.6988,60200,2279,3,-147.0,1365,0.957171,6788258,0.732479,714,0.348562,0.0000,0.000644,0.000961,0.003110,-0.093786,0.137810,-0.129900,61.2042988436,-146.9745913933,714.34856
CBIA ,23SEP15 ,2023.7043,60202,2279,5,-147.0,1365,0.958564,6788258,0.732541,714,0.353381,0.0000,0.000650,0.000947,0.003046,-0.122855,0.187289,-0.045364,61.2042988442,-146.9745913674,714.35338
CBIA ,23SEP16 ,2023.7070,60203,2279,6,-147.0,1365,0.959645,6788258,0.730161,714,0.352458,0.0000,0.000647,0.000956,0.003021,-0.112685,0.197726,-0.051791,61.2042988228,-146.9745913473,714.35246
CBIA ,23SEP17 ,2023.7098,60204,2280,0,-147.0,1365,0.956881,6788258,0.727786,714,0.354019,0.0000,0.000647,0.000978,0.003118,-0.102429,0.168278,-0.091133,61.2042988015,-146.9745913987,714.35402
CBIA ,23SEP18 ,2023.7125,60205,2280,1,-147.0,1365,0.959692,6788258,0.727464,714,0.350114,0.0000,0.000652,0.000972,0.003166,-0.080486,0.160130,-0.113609,61.2042987986,-146.9745913464,714.35011
CBIA ,23SEP19 ,2023.7153,60206,2280,2,-147.0,1365,0.960231,6788258,0.726529,714,0.347482,0.0000,0.000779,0.001163,0.003735,-0.046089,0.105775,-0.231877,61.2042987902,-146.9745913364,714.34748
CBIA ,23SEP20 ,2023.7180,60207,2280,3,-147.0,1365,0.960725,6788258,0.729707,714,0.341689,0.0000,0.000643,0.000968,0.003043,-0.113443,0.152068,-0.094690,61.2042988187,-146.9745913272,714.34169
CBIA ,23SEP21 ,2023.7207,60208,2280,4,-147.0,1365,0.962922,6788258,0.729213,714,0.348797,0.0000,0.000663,0.000984,0.003185,-0.101685,0.178633,-0.108084,61.2042988143,-146.9745912863,714.34880
CBIA ,23SEP22 ,2023.7235,60209,2280,5,-147.0,1365,0.961301,6788258,0.728902,714,0.348696,0.0000,0.000640,0.000969,0.003072,-0.106329,0.164034,-0.103357,61.2042988115,-146.9745913165,714.34870
CBIA ,23SEP23 ,2023.7262,60210,2280,6,-147.0,1365,0.960439,6788258,0.726048,714,0.350536,0.0000,0.000644,0.000974,0.003086,-0.086406,0.158859,-0.096748,61.2042987859,-146.9745913325,714.35054
CBIA ,23SEP24 ,2023.7290,60211,2281,0,-147.0,1365,0.961470,6788258,0.724941,714,0.345388,0.0000,0.000631,0.000964,0.003085,-0.107757,0.156737,-0.126301,61.2042987760,-146.9745913134,714.34539
CBIA ,23SEP25 ,2023.7317,60212,2281,1,-147.0,1365,0.958806,6788258,0.726772,714,0.343998,0.0000,0.000643,0.000959,0.003050,-0.117274,0.173666,-0.105225,61.2042987924,-146.9745913629,714.34400
CBIA ,23SEP26 ,2023.7344,60213,2281,2,-147.0,1365,0.959145,6788258,0.725016,714,0.353551,0.0000,0.000755,0.001124,0.003470,-0.117242,0.111305,-0.133992,61.2042987766,-146.9745913566,714.35355
CBIA ,23SEP27 ,2023.7372,60214,2281,3,-147.0,1365,0.959000,6788258,0.724422,714,0.349050,0.0000,0.000656,0.000985,0.003059,-0.126852,0.165172,-0.083077,61.2042987713,-146.9745913593,714.34905
CBIA ,23SEP28 ,2023.7399,60215,2281,4,-147.0,1365,0.959182,6788258,0.725365,714,0.342621,0.0000,0.000646,0.000978,0.003046,-0.102885,0.164552,-0.063731,61.2042987798,-146.9745913559,714.34262
CBIA ,23SEP29 ,2023.7426,60216,2281,5,-147.0,1365,0.961093,6788258,0.727985,714,0.339760,0.0000,0.000688,0.001035,0.003214,-0.129998,0.141470,-0.116114,61.2042988033,-146.9745913204,714.33976
CBIA ,23SEP30 ,2023.7454,60217,2281,6,-147.0,1365,0.961543,6788258,0.725598,714,0.339088,0.0000,0.000672,0.001022,0.003396,-0.068815,0.153767,-0.196600,61.2042987819,-146.9745913120,714.33909
CBIA ,23OCT01 ,2023.7481,60218,2282,0,-147.0,1365,0.961323,6788258,0.726419,714,0.343370,0.0000,0.000653,0.000973,0.003123,-0.109025,0.154040,-0.094955,61.2042987892,-146.9745913161,714.34337
CBIA ,23OCT02 ,2023.7509,60219,2282,1,-147.0,1365,0.960624,6788258,0.727244,714,0.345189,0.0000,0.000654,0.000965,0.003098,-0.113664,0.198367,-0.045863,61.2042987966,-146.9745913291,714.34519
CBIA ,23OCT03 ,2023.7536,60220,2282,2,-147.0,1365,0.962413,6788258,0.724359,714,0.342190,0.0000,0.000645,0.000967,0.003150,-0.085789,0.184757,-0.111994,61.2042987707,-146.9745912958,714.34219
CBIA ,23OCT04 ,2023.7563,60221,2282,3,-147.0,1365,0.962516,6788258,0.726569,714,0.338704,0.0000,0.000649,0.000982,0.003220,-0.089126,0.169557,-0.112711,61.2042987906,-146.9745912939,714.33870
CBIA ,23OCT05 ,2023.7591,60222,2282,4,-147.0,1365,0.961727,6788258,0.729060,714,0.340949,0.0000,0.000670,0.001006,0.003162,-0.119133,0.172712,-0.114127,61.2042988129,-146.9745913086,714.34095
CBIA ,23OCT06 ,2023.7618,60223,2282,5,-147.0,1365,0.962387,6788258,0.725436,714,0.340639,0.0000,0.000665,0.000997,0.003166,-0.120266,0.164943,-0.140247,61.2042987804,-146.9745912963,714.34064
CBIA ,23OCT07 ,2023.7645,60224,2282,6,-147.0,1365,0.964757,6788258,0.723300,714,0.340584,0.0000,0.000681,0.001003,0.003093,-0.145396,0.178633,-0.109891,61.2042987612,-146.9745912523,714.34058
CBIA ,23OCT08 ,2023.7673,60225,2283,0,-147.0,1365,0.961028,6788258,0.723581,714,0.349466,0.0000,0.000667,0.000985,0.003139,-0.099227,0.186965,-0.084426,61.2042987637,-146.9745913216,714.34947
CBIA ,23OCT09 ,2023.7700,60226,2283,1,-147.0,1365,0.962200,6788258,0.721979,714,0.347164,0.0000,0.000662,0.000971,0.003140,-0.076322,0.181898,-0.109347,61.2042987494,-146.9745912998,714.34716
CBIA ,23OCT10 ,2023.7728,60227,2283,2,-147.0,1365,0.964169,6788258,0.721914,714,0.347407,0.0000,0.000639,0.000965,0.003043,-0.111952,0.174107,-0.095166,61.2042987488,-146.9745912632,714.34741
CBIA ,23OCT12 ,2023.7782,60229,2283,4,-147.0,1365,0.969324,6788258,0.723963,714,0.338965,0.0000,0.000669,0.000996,0.003118,-0.134325,0.192702,-0.094369,61.2042987672,-146.9745911673,714.33896
CBIA ,23OCT13 ,2023.7810,60230,2283,5,-147.0,1365,0.966396,6788258,0.724864,714,0.332157,0.0000,0.000679,0.001049,0.003269,-0.136368,0.167604,-0.125156,61.2042987753,-146.9745912218,714.33216
CBIA ,23OCT15 ,2023.7864,60232,2284,0,-147.0,1365,0.966059,6788258,0.720999,714,0.346103,0.0000,0.000649,0.000957,0.002979,-0.124624,0.201933,-0.033393,61.2042987406,-146.9745912280,714.34610
CBIA ,23OCT16 ,2023.7892,60233,2284,1,-147.0,1365,0.964123,6788258,0.721335,714,0.344431,0.0000,0.000642,0.000950,0.002970,-0.120093,0.187550,-0.062832,61.2042987436,-146.9745912641,714.34443
CBIA ,23OCT17 ,2023.7919,60234,2284,2,-147.0,1365,0.964399,6788258,0.718268,714,0.345577,0.0000,0.000646,0.000958,0.003015,-0.109783,0.179504,-0.071014,61.2042987161,-146.9745912589,714.34558
CBIA ,23OCT18 ,2023.7947,60235,2284,3,-147.0,1365,0.966234,6788258,0.720851,714,0.342319,0.0000,0.000661,0.001020,0.003399,-0.076064,0.142536,-0.206577,61.2042987392,-146.9745912248,714.34232
CBIA ,23OCT19 ,2023.7974,60236,2284,4,-147.0,1365,0.967393,6788258,0.720806,714,0.343854,0.0000,0.000676,0.001020,0.003332,-0.069481,0.158914,-0.119589,61.2042987388,-146.9745912032,714.34385
CBIA ,23OCT20 ,2023.8001,60237,2284,5,-147.0,1365,0.964306,6788258,0.720854,714,0.336885,0.0000,0.000659,0.001004,0.003336,-0.082661,0.186898,-0.139750,61.2042987393,-146.9745912606,714.33689
CBIA ,23OCT21 ,2023.8029,60238,2284,6,-147.0,1365,0.966214,6788258,0.722497,714,0.336742,0.0000,0.000823,0.001093,0.003476,-0.015631,0.164029,-0.127358,61.2042987540,-146.9745912251,714.33674
CBIA ,23OCT22 ,2023.8056,60239,2285,0,-147.0,1365,0.965674,6788258,0.721000,714,0.331211,0.0000,0.000656,0.000992,0.003129,-0.089350,0.164752,-0.131403,61.2042987406,-146.9745912352,714.33121
CBIA ,23OCT23 ,2023.8084,60240,2285,1,-147.0,1365,0.966110,6788258,0.723794,714,0.335804,0.0000,0.000641,0.000950,0.002961,-0.111854,0.164147,-0.068126,61.2042987657,-146.9745912271,714.33580
CBIA ,23OCT24 ,2023.8111,60241,2285,2,-147.0,1365,0.964758,6788258,0.721908,714,0.330460,0.0000,0.000645,0.000968,0.003050,-0.102978,0.175987,-0.079022,61.2042987487,-146.9745912522,714.33046
CBIA ,23OCT25 ,2023.8138,60242,2285,3,-147.0,1365,0.963128,6788258,0.723970,714,0.331554,0.0000,0.000634,0.000940,0.002997,-0.104147,0.198126,-0.057100,61.2042987672,-146.9745912825,714.33155
CBIA ,23OCT26 ,2023.8166,60243,2285,4,-147.0,1365,0.965136,6788258,0.723233,714,0.330902,0.0000,0.000693,0.001057,0.003280,-0.105258,0.172151,-0.135757,61.2042987606,-146.9745912452,714.33090
CBIA ,23OCT27 ,2023.8193,60244,2285,5,-147.0,1365,0.965586,6788258,0.723823,714,0.331426,0.0000,0.000640,0.000966,0.003026,-0.125261,0.172550,-0.092001,61.2042987659,-146.9745912368,714.33143
CBIA ,23OCT28 ,2023.8220,60245,2285,6,-147.0,1365,0.966595,6788258,0.724769,714,0.325847,0.0000,0.000709,0.001085,0.003482,-0.071203,0.156562,-0.201256,61.2042987744,-146.9745912180,714.32585
CBIA ,23OCT29 ,2023.8248,60246,2286,0,-147.0,1365,0.968546,6788258,0.725959,714,0.333290,0.0000,0.000703,0.001050,0.003455,-0.055417,0.156495,-0.142457,61.2042987851,-146.9745911817,714.33329
CBIA ,23OCT30 ,2023.8275,60247,2286,1,-147.0,1365,0.966186,6788258,0.725692,714,0.332008,0.0000,0.000652,0.000959,0.003044,-0.086353,0.196325,-0.068334,61.2042987827,-146.9745912257,714.33201
CBIA ,23OCT31 ,2023.8303,60248,2286,2,-147.0,1365,0.965776,6788258,0.725038,714,0.329890,0.0000,0.000641,0.000976,0.003127,-0.091075,0.168123,-0.122595,61.2042987768,-146.9745912333,714.32989
CBIA ,23NOV01 ,2023.8330,60249,2286,3,-147.0,1365,0.968504,6788258,0.722327,714,0.332208,0.0000,0.000641,0.000957,0.003018,-0.099386,0.178716,-0.076739,61.2042987525,-146.9745911826,714.33221
CBIA ,23NOV02 ,2023.8357,60250,2286,4,-147.0,1365,0.967869,6788258,0.725103,714,0.335785,0.0000,0.000657,0.000975,0.003011,-0.117858,0.180477,-0.080406,61.2042987774,-146.9745911943,714.33579
CBIA ,23NOV03 ,2023.8385,60251,2286,5,-147.0,1365,0.966464,6788258,0.726179,714,0.335898,0.0000,0.000664,0.000975,0.003029,-0.114991,0.192901,-0.059245,61.2042987871,-146.9745912205,714.33590
CBIA ,23NOV04 ,2023.8412,60252,2286,6,-147.0,1365,0.968846,6788258,0.726272,714,0.336595,0.0000,0.000650,0.000972,0.003188,-0.089913,0.190252,-0.121976,61.2042987879,-146.9745911762,714.33659
CBIA ,23NOV05 ,2023.8439,60253,2287,0,-147.0,1365,0.966262,6788258,0.726269,714,0.343665,0.0000,0.000797,0.001257,0.003920,-0.067481,0.107002,-0.144502,61.2042987879,-146.9745912242,714.34366
CBIA ,23NOV06 ,2023.8467,60254,2287,1,-147.0,1365,0.968554,6788258,0.726510,714,0.343503,0.0000,0.000686,0.001050,0.003342,-0.092466,0.120825,-0.169121,61.2042987900,-146.9745911816,714.34350
CBIA ,23NOV07 ,2023.8494,60255,2287,2,-147.0,1365,0.965303,6788258,0.725720,714,0.338853,0.0000,0.000640,0.000989,0.003109,-0.092072,0.134326,-0.127330,61.2042987829,-146.9745912421,714.33885
CBIA ,23NOV08 ,2023.8522,60256,2287,3,-147.0,1365,0.966641,6788258,0.724256,714,0.337695,0.0000,0.000712,0.001085,0.003573,-0.089097,0.200055,-0.136571,61.2042987698,-146.9745912172,714.33769
CBIA ,23NOV09 ,2023.8549,60257,2287,4,-147.0,1365,0.967568,6788258,0.722731,714,0.346242,0.0000,0.000654,0.000968,0.003099,-0.103061,0.187124,-0.096939,61.2042987561,-146.9745912000,714.34624
CBIA ,23NOV10 ,2023.8576,60258,2287,5,-147.0,1365,0.966593,6788258,0.721920,714,0.344615,0.0000,0.000639,0.000953,0.002974,-0.105000,0.177380,-0.049475,61.2042987488,-146.9745912181,714.34461
CBIA ,23NOV11 ,2023.8604,60259,2287,6,-147.0,1365,0.963110,6788258,0.722092,714,0.339548,0.0000,0.000629,0.000950,0.002919,-0.117290,0.183411,-0.035840,61.2042987504,-146.9745912829,714.33955
CBIA ,23NOV12 ,2023.8631,60260,2288,0,-147.0,1365,0.965400,6788258,0.721750,714,0.330163,0.0000,0.000656,0.000979,0.003143,-0.078054,0.170816,-0.095950,61.2042987473,-146.9745912403,714.33016
CBIA ,23NOV13 ,2023.8658,60261,2288,1,-147.0,1365,0.965021,6788258,0.723636,714,0.334940,0.0000,0.000668,0.000988,0.003136,-0.082760,0.173445,-0.078523,61.2042987642,-146.9745912473,714.33494
CBIA ,23NOV14 ,2023.8686,60262,2288,2,-147.0,1365,0.964180,6788258,0.722642,714,0.335386,0.0000,0.000653,0.000966,0.002995,-0.098645,0.184514,-0.032454,61.2042987553,-146.9745912630,714.33539
CBIA ,23NOV15 ,2023.8713,60263,2288,3,-147.0,1365,0.965927,6788258,0.721190,714,0.339019,0.0000,0.000646,0.000958,0.003023,-0.100178,0.183010,-0.071078,61.2042987423,-146.9745912305,714.33902
CBIA ,23NOV16 ,2023.8741,60264,2288,4,-147.0,1365,0.970942,6788258,0.719926,714,0.344086,0.0000,0.000631,0.000964,0.003002,-0.093727,0.184425,-0.055237,61.2042987309,-146.9745911372,714.34409
CBIA ,23NOV17 ,2023.8768,60265,2288,5,-147.0,1365,0.973139,6788258,0.724813,714,0.344929,0.0000,0.000647,0.000981,0.003092,-0.123512,0.172291,-0.079706,61.2042987748,-146.9745910963,714.34493
CBIA ,23NOV18 ,2023.8795,60266,2288,6,-147.0,1365,0.966017,6788258,0.726822,714,0.336004,0.0000,0.000636,0.000956,0.002966,-0.098789,0.180470,-0.034429,61.2042987928,-146.9745912288,714.33600
CBIA ,23NOV19 ,2023.8823,60267,2289,0,-147.0,1365,0.965607,6788258,0.722236,714,0.332900,0.0000,0.000645,0.000979,0.003085,-0.101450,0.178806,-0.079530,61.2042987517,-146.9745912364,714.33290
CBIA ,23NOV20 ,2023.8850,60268,2289,1,-147.0,1365,0.962837,6788258,0.718726,714,0.331986,0.0000,0.000644,0.000973,0.003076,-0.082972,0.183069,-0.060829,61.2042987202,-146.9745912880,714.33199
CBIA ,23NOV21 ,2023.8877,60269,2289,2,-147.0,1365,0.963566,6788258,0.721054,714,0.336378,0.0000,0.000657,0.000999,0.003196,-0.105162,0.198554,-0.088681,61.2042987411,-146.9745912744,714.33638
CBIA ,23NOV22 ,2023.8905,60270,2289,3,-147.0,1365,0.968248,6788258,0.719620,714,0.326146,0.0000,0.000686,0.001115,0.003548,-0.082287,0.121802,-0.167232,61.2042987282,-146.9745911873,714.32615
CBIA ,23NOV23 ,2023.8932,60271,2289,4,-147.0,1365,0.966835,6788258,0.724151,714,0.319266,0.0000,0.000661,0.001002,0.003181,-0.108654,0.199710,-0.095093,61.2042987689,-146.9745912136,714.31927
CBIA ,23NOV24 ,2023.8960,60272,2289,5,-147.0,1365,0.966388,6788258,0.722095,714,0.326350,0.0000,0.000660,0.001011,0.003231,-0.104950,0.186112,-0.119694,61.2042987504,-146.9745912219,714.32635
CBIA ,23NOV25 ,2023.8987,60273,2289,6,-147.0,1365,0.962851,6788258,0.719893,714,0.278646,0.0000,0.001416,0.002294,0.007239,-0.113773,0.241007,-0.087295,61.2042987306,-146.9745912877,714.27865
CBIA ,23NOV26 ,2023.9014,60274,2290,0,-147.0,1365,0.971890,6788258,0.721659,714,0.324793,0.0000,0.000701,0.001037,0.003393,-0.101811,0.208020,-0.119310,61.2042987465,-146.9745911196,714.32479
CBIA ,23NOV27 ,2023.9042,60275,2290,1,-147.0,1365,0.979964,6788258,0.714488,714,0.332648,0.0000,0.000645,0.000991,0.003031,-0.111089,0.168948,-0.090866,61.2042986821,-146.9745909694,714.33265
CBIA ,23NOV28 ,2023.9069,60276,2290,2,-147.0,1365,0.972660,6788258,0.718728,714,0.328878,0.0000,0.000652,0.001007,0.003093,-0.113118,0.182876,-0.075644,61.2042987202,-146.9745911053,714.32888
CBIA ,23NOV29 ,2023.9097,60277,2290,3,-147.0,1365,0.969561,6788258,0.719281,714,0.328039,0.0000,0.000662,0.000991,0.003113,-0.081533,0.187874,-0.079184,61.2042987252,-146.9745911629,714.32804
CBIA ,23NOV30 ,2023.9124,60278,2290,4,-147.0,1365,0.970537,6788258,0.718929,714,0.337603,0.0000,0.000675,0.000989,0.003060,-0.100181,0.195225,-0.059636,61.2042987220,-146.9745911448,714.33760
CBIA ,23DEC01 ,2023.9151,60279,2290,5,-147.0,1365,0.967324,6788258,0.718921,714,0.338706,0.0000,0.000755,0.001193,0.003881,-0.107684,0.196145,-0.157494,61.2042987219,-146.9745912045,714.33871
CBIA ,23DEC02 ,2023.9179,60280,2290,6,-147.0,1365,0.965717,6788258,0.720537,714,0.336826,0.0000,0.000644,0.000991,0.003059,-0.095003,0.164464,-0.069477,61.2042987364,-146.9745912344,714.33683
CBIA ,23DEC03 ,2023.9206,60281,2291,0,-147.0,1365,0.966372,6788258,0.720013,714,0.342752,0.0000,0.000647,0.000992,0.003140,-0.098770,0.185466,-0.108872,61.2042987317,-146.9745912222,714.34275
CBIA ,23DEC04 ,2023.9233,60282,2291,1,-147.0,1365,0.965378,6788258,0.719189,714,0.336480,0.0000,0.000644,0.000983,0.003050,-0.109277,0.166418,-0.092022,61.2042987243,-146.9745912407,714.33648
CBIA ,23DEC05 ,2023.9261,60283,2291,2,-147.0,1365,0.965441,6788258,0.719204,714,0.338598,0.0000,0.000652,0.000991,0.003174,-0.067565,0.167089,-0.124761,61.2042987245,-146.9745912396,714.33860
CBIA ,23DEC06 ,2023.9288,60284,2291,3,-147.0,1365,0.975724,6788258,0.712688,714,0.336462,0.0000,0.000654,0.000999,0.003180,-0.069226,0.157538,-0.114331,61.2042986660,-146.9745910483,714.33646
CBIA ,23DEC07 ,2023.9316,60285,2291,4,-147.0,1365,0.974464,6788258,0.720944,714,0.331091,0.0000,0.000645,0.000985,0.003006,-0.089189,0.163666,-0.073150,61.2042987401,-146.9745910717,714.33109
CBIA ,23DEC08 ,2023.9343,60286,2291,5,-147.0,1365,0.973865,6788258,0.722338,714,0.333527,0.0000,0.000651,0.000982,0.003046,-0.089773,0.196888,-0.059335,61.2042987526,-146.9745910828,714.33353
CBIA ,23DEC09 ,2023.9370,60287,2291,6,-147.0,1365,0.968895,6788258,0.721446,714,0.327556,0.0000,0.000634,0.000962,0.002993,-0.105718,0.182146,-0.069585,61.2042987446,-146.9745911753,714.32756
CBIA ,23DEC10 ,2023.9398,60288,2292,0,-147.0,1365,0.964329,6788258,0.720729,714,0.329300,0.0000,0.000640,0.000958,0.003000,-0.104449,0.178632,-0.073643,61.2042987382,-146.9745912602,714.32930
CBIA ,23DEC11 ,2023.9425,60289,2292,1,-147.0,1365,0.966225,6788258,0.721865,714,0.333840,0.0000,0.000645,0.000978,0.003006,-0.110288,0.174616,-0.049641,61.2042987483,-146.9745912250,714.33384
CBIA ,23DEC12 ,2023.9452,60290,2292,2,-147.0,1365,0.970839,6788258,0.722461,714,0.344104,0.0000,0.000640,0.000988,0.003098,-0.099686,0.159651,-0.097391,61.2042987537,-146.9745911391,714.34410
CBIA ,23DEC13 ,2023.9480,60291,2292,3,-147.0,1365,0.971827,6788258,0.717908,714,0.339959,0.0000,0.000641,0.000986,0.003075,-0.088429,0.162558,-0.103658,61.2042987128,-146.9745911208,714.33996
CBIA ,23DEC14 ,2023.9507,60292,2292,4,-147.0,1365,0.969870,6788258,0.721172,714,0.335010,0.0000,0.000726,0.001078,0.003405,-0.133923,0.160704,-0.128774,61.2042987421,-146.9745911572,714.33501
CBIA ,23DEC15 ,2023.9535,60293,2292,5,-147.0,1365,0.967810,6788258,0.720270,714,0.329036,0.0000,0.000680,0.001026,0.003315,-0.113737,0.167053,-0.083227,61.2042987340,-146.9745911955,714.32904
CBIA ,23DEC16 ,2023.9562,60294,2292,6,-147.0,1365,0.969568,6788258,0.723886,714,0.326655,0.0000,0.000666,0.001002,0.003243,-0.115801,0.176123,-0.068644,61.2042987665,-146.9745911627,714.32666
CBIA ,23DEC17 ,2023.9589,60295,2293,0,-147.0,1365,0.967680,6788258,0.722649,714,0.339848,0.0000,0.000731,0.001145,0.003621,-0.078974,0.143350,-0.142106,61.2042987554,-146.9745911979,714.33985
CBIA ,23DEC18 ,2023.9617,60296,2293,1,-147.0,1365,0.966850,6788258,0.721326,714,0.334475,0.0000,0.000692,0.001053,0.003340,-0.088559,0.174160,-0.154244,61.2042987435,-146.9745912133,714.33447
CBIA ,23DEC19 ,2023.9644,60297,2293,2,-147.0,1365,0.967727,6788258,0.723276,714,0.338156,0.0000,0.000635,0.000979,0.003022,-0.098149,0.180212,-0.078977,61.2042987610,-146.9745911970,714.33816
CBIA ,23DEC20 ,2023.9671,60298,2293,3,-147.0,1365,0.969478,6788258,0.718297,714,0.335668,0.0000,0.000632,0.000959,0.003004,-0.099119,0.161834,-0.096145,61.2042987163,-146.9745911645,714.33567
CBIA ,23DEC21 ,2023.9699,60299,2293,4,-147.0,1365,0.968912,6788258,0.720752,714,0.340046,0.0000,0.000656,0.000982,0.003025,-0.115139,0.163971,-0.109087,61.2042987384,-146.9745911750,714.34005
CBIA ,23DEC22 ,2023.9726,60300,2293,5,-147.0,1365,0.967334,6788258,0.718684,714,0.336038,0.0000,0.000634,0.000950,0.002904,-0.108555,0.159899,-0.048261,61.2042987198,-146.9745912043,714.33604
CBIA ,23DEC23 ,2023.9754,60301,2293,6,-147.0,1365,0.968866,6788258,0.721582,714,0.336628,0.0000,0.000642,0.000973,0.003045,-0.107291,0.173806,-0.072799,61.2042987458,-146.9745911758,714.33663
CBIA ,23DEC24 ,2023.9781,60302,2294,0,-147.0,1365,0.969354,6788258,0.715824,714,0.336008,0.0000,0.000647,0.001009,0.003181,-0.105350,0.136888,-0.144676,61.2042986941,-146.9745911668,714.33601
CBIA ,23DEC25 ,2023.9808,60303,2294,1,-147.0,1365,0.970836,6788258,0.720828,714,0.343921,0.0000,0.000645,0.000966,0.003041,-0.106417,0.202439,-0.055035,61.2042987390,-146.9745911392,714.34392
CBIA ,23DEC26 ,2023.9836,60304,2294,2,-147.0,1365,0.967078,6788258,0.722195,714,0.331278,0.0000,0.000655,0.000963,0.003128,-0.097653,0.222122,-0.062311,61.2042987513,-146.9745912091,714.33128
CBIA ,23DEC27 ,2023.9863,60305,2294,3,-147.0,1365,0.968212,6788258,0.719369,714,0.327388,0.0000,0.000645,0.000975,0.003066,-0.108547,0.170780,-0.090724,61.2042987259,-146.9745911880,714.32739
CBIA ,23DEC28 ,2023.9890,60306,2294,4,-147.0,1365,0.965776,6788258,0.723574,714,0.323311,0.0000,0.000637,0.000967,0.003018,-0.105452,0.159461,-0.083972,61.2042987637,-146.9745912333,714.32331
CBIA ,23DEC29 ,2023.9918,60307,2294,5,-147.0,1365,0.965952,6788258,0.721676,714,0.326043,0.0000,0.000638,0.000960,0.003018,-0.099157,0.190158,-0.064839,61.2042987467,-146.9745912300,714.32604
CBIA ,23DEC30 ,2023.9945,60308,2294,6,-147.0,1365,0.967584,6788258,0.719234,714,0.327778,0.0000,0.000651,0.000995,0.003142,-0.095393,0.182065,-0.082974,61.2042987247,-146.9745911997,714.32778
CBIA ,23DEC31 ,2023.9973,60309,2295,0,-147.0,1365,0.966325,6788258,0.719872,714,0.325522,0.0000,0.000640,0.000978,0.003040,-0.092519,0.166602,-0.071380,61.2042987305,-146.9745912231,714.32552
CBIA ,24JAN01 ,2024.0000,60310,2295,1,-147.0,1365,0.967338,6788258,0.720430,714,0.323293,0.0000,0.000642,0.001004,0.003115,-0.101828,0.149470,-0.109326,61.2042987355,-146.9745912043,714.32329
CBIA ,24JAN02 ,2024.0027,60311,2295,2,-147.0,1365,0.966485,6788258,0.720686,714,0.321016,0.0000,0.000648,0.000983,0.003023,-0.106913,0.173820,-0.041071,61.2042987378,-146.9745912201,714.32102
CBIA ,24JAN03 ,2024.0055,60312,2295,3,-147.0,1365,0.967827,6788258,0.721323,714,0.329051,0.0000,0.000644,0.000997,0.003057,-0.117688,0.159212,-0.093263,61.2042987435,-146.9745911952,714.32905
CBIA ,24JAN04 ,2024.0082,60313,2295,4,-147.0,1365,0.968640,6788258,0.720641,714,0.332145,0.0000,0.000640,0.000975,0.002950,-0.125237,0.173360,-0.041382,61.2042987374,-146.9745911800,714.33214
CBIA ,24JAN05 ,2024.0110,60314,2295,5,-147.0,1365,0.968441,6788258,0.720637,714,0.327365,0.0000,0.000672,0.001028,0.003219,-0.125581,0.157258,-0.069241,61.2042987373,-146.9745911837,714.32737
CBIA ,24JAN06 ,2024.0137,60315,2295,6,-147.0,1365,0.967514,6788258,0.720241,714,0.324103,0.0000,0.000651,0.000992,0.002977,-0.103550,0.155855,-0.055107,61.2042987338,-146.9745912010,714.32410
CBIA ,24JAN07 ,2024.0164,60316,2296,0,-147.0,1365,0.967256,6788258,0.719479,714,0.323628,0.0000,0.000635,0.000982,0.002943,-0.122506,0.151454,-0.044231,61.2042987269,-146.9745912058,714.32363
CBIA ,24JAN08 ,2024.0192,60317,2296,1,-147.0,1365,0.967186,6788258,0.720756,714,0.320304,0.0000,0.000649,0.000985,0.003030,-0.115322,0.154864,-0.079935,61.2042987384,-146.9745912071,714.32030
CBIA ,24JAN09 ,2024.0219,60318,2296,2,-147.0,1365,0.966843,6788258,0.721743,714,0.322778,0.0000,0.000643,0.000996,0.003076,-0.116070,0.155644,-0.103053,61.2042987472,-146.9745912134,714.32278
CBIA ,24JAN10 ,2024.0246,60319,2296,3,-147.0,1365,0.967079,6788258,0.721744,714,0.320949,0.0000,0.000634,0.000984,0.003073,-0.103778,0.154536,-0.100455,61.2042987473,-146.9745912091,714.32095
CBIA ,24JAN11 ,2024.0274,60320,2296,4,-147.0,1365,0.967773,6788258,0.723575,714,0.317755,0.0000,0.000661,0.001009,0.003069,-0.120372,0.151471,-0.058753,61.2042987637,-146.9745911961,714.31775
CBIA ,24JAN12 ,2024.0301,60321,2296,5,-147.0,1365,0.965159,6788258,0.720653,714,0.317835,0.0000,0.000647,0.001000,0.003070,-0.104453,0.162734,-0.069267,61.2042987375,-146.9745912448,714.31783
CBIA ,24JAN13 ,2024.0329,60322,2296,6,-147.0,1365,0.966801,6788258,0.722340,714,0.319777,0.0000,0.000644,0.000991,0.003060,-0.101555,0.145724,-0.086094,61.2042987526,-146.9745912142,714.31978
CBIA ,24JAN14 ,2024.0356,60323,2297,0,-147.0,1365,0.966597,6788258,0.722473,714,0.318989,0.0000,0.000648,0.001003,0.003171,-0.112836,0.173094,-0.110826,61.2042987538,-146.9745912180,714.31899
CBIA ,24JAN15 ,2024.0383,60324,2297,1,-147.0,1365,0.969760,6788258,0.723797,714,0.314333,0.0000,0.000654,0.001017,0.003177,-0.111229,0.160329,-0.119182,61.2042987657,-146.9745911592,714.31433
CBIA ,24JAN16 ,2024.0411,60325,2297,2,-147.0,1365,0.968254,6788258,0.721229,714,0.315881,0.0000,0.000666,0.001023,0.003195,-0.109238,0.164877,-0.117995,61.2042987426,-146.9745911872,714.31588
CBIA ,24JAN17 ,2024.0438,60326,2297,3,-147.0,1365,0.967881,6788258,0.720742,714,0.323903,0.0000,0.000658,0.001035,0.003244,-0.099658,0.163841,-0.119491,61.2042987383,-146.9745911942,714.32390
CBIA ,24JAN18 ,2024.0465,60327,2297,4,-147.0,1365,0.966968,6788258,0.722450,714,0.320455,0.0000,0.000672,0.001061,0.003341,-0.095255,0.167051,-0.143835,61.2042987536,-146.9745912111,714.32046
CBIA ,24JAN19 ,2024.0493,60328,2297,5,-147.0,1365,0.964007,6788258,0.722857,714,0.308601,0.0000,0.000651,0.000989,0.003037,-0.123283,0.179066,-0.061607,61.2042987572,-146.9745912662,714.30860
CBIA ,24JAN20 ,2024.0520,60329,2297,6,-147.0,1365,0.965797,6788258,0.723238,714,0.315184,0.0000,0.000641,0.000989,0.003070,-0.106740,0.164992,-0.085920,61.2042987607,-146.9745912329,714.31518
CBIA ,24JAN21 ,2024.0548,60330,2298,0,-147.0,1365,0.965102,6788258,0.721658,714,0.320237,0.0000,0.000648,0.001008,0.003074,-0.147411,0.159144,-0.112238,61.2042987465,-146.9745912458,714.32024
CBIA ,24JAN22 ,2024.0575,60331,2298,1,-147.0,1365,0.964598,6788258,0.721958,714,0.326219,0.0000,0.000645,0.000988,0.003094,-0.118942,0.186364,-0.074029,61.2042987492,-146.9745912552,714.32622
CBIA ,24JAN23 ,2024.0602,60332,2298,2,-147.0,1365,0.966621,6788258,0.720584,714,0.323906,0.0000,0.000664,0.001017,0.003149,-0.124280,0.163708,-0.079877,61.2042987369,-146.9745912176,714.32391
CBIA ,24JAN24 ,2024.0630,60333,2298,3,-147.0,1365,0.964720,6788258,0.720566,714,0.325208,0.0000,0.000655,0.001000,0.003078,-0.107292,0.163560,-0.057887,61.2042987367,-146.9745912529,714.32521
CBIA ,24JAN25 ,2024.0657,60334,2298,4,-147.0,1365,0.964186,6788258,0.723412,714,0.320495,0.0000,0.000645,0.001013,0.003157,-0.114108,0.168443,-0.109667,61.2042987622,-146.9745912629,714.32050
CBIA ,24JAN26 ,2024.0684,60335,2298,5,-147.0,1365,0.965504,6788258,0.723174,714,0.317938,0.0000,0.000669,0.001028,0.003170,-0.120430,0.167962,-0.109385,61.2042987601,-146.9745912383,714.31794
CBIA ,24JAN27 ,2024.0712,60336,2298,6,-147.0,1365,0.965340,6788258,0.722537,714,0.316283,0.0000,0.000648,0.000983,0.003006,-0.132359,0.176636,-0.050829,61.2042987544,-146.9745912414,714.31628
CBIA ,24JAN28 ,2024.0739,60337,2299,0,-147.0,1365,0.962735,6788258,0.721824,714,0.317972,0.0000,0.000643,0.000986,0.003047,-0.113028,0.158370,-0.076600,61.2042987480,-146.9745912899,714.31797
CBIA ,24JAN29 ,2024.0767,60338,2299,1,-147.0,1365,0.971655,6788258,0.724017,714,0.325936,0.0000,0.000883,0.001338,0.004265,-0.114609,0.203431,-0.132715,61.2042987677,-146.9745911239,714.32594
CBIA ,24JAN30 ,2024.0794,60339,2299,2,-147.0,1365,0.966940,6788258,0.726796,714,0.326006,0.0000,0.000669,0.001031,0.003289,-0.100490,0.186010,-0.125956,61.2042987926,-146.9745912116,714.32601
CBIA ,24JAN31 ,2024.0821,60340,2299,3,-147.0,1365,0.965131,6788258,0.726456,714,0.318848,0.0000,0.000649,0.001000,0.003169,-0.105525,0.164545,-0.118973,61.2042987895,-146.9745912453,714.31885
CBIA ,24FEB01 ,2024.0849,60341,2299,4,-147.0,1365,0.964958,6788258,0.722748,714,0.317819,0.0000,0.000668,0.001010,0.003219,-0.141168,0.154833,-0.091344,61.2042987563,-146.9745912485,714.31782
CBIA ,24FEB02 ,2024.0876,60342,2299,5,-147.0,1365,0.967593,6788258,0.724025,714,0.318127,0.0000,0.000664,0.001008,0.003234,-0.103358,0.166894,-0.076627,61.2042987677,-146.9745911995,714.31813
CBIA ,24FEB03 ,2024.0903,60343,2299,6,-147.0,1365,0.965389,6788258,0.721739,714,0.312676,0.0000,0.000647,0.000976,0.003097,-0.105344,0.170598,-0.088572,61.2042987472,-146.9745912405,714.31268
CBIA ,24FEB04 ,2024.0931,60344,2300,0,-147.0,1365,0.968139,6788258,0.723441,714,0.315680,0.0000,0.000635,0.000945,0.002974,-0.094616,0.182364,-0.044658,61.2042987625,-146.9745911893,714.31568
CBIA ,24FEB05 ,2024.0958,60345,2300,1,-147.0,1365,0.970700,6788258,0.723764,714,0.314595,0.0000,0.000635,0.000947,0.002979,-0.093705,0.185014,-0.044706,61.2042987654,-146.9745911417,714.31459
CBIA ,24FEB06 ,2024.0986,60346,2300,2,-147.0,1365,0.966175,6788258,0.723902,714,0.312300,0.0000,0.000632,0.000959,0.003005,-0.108198,0.161081,-0.087629,61.2042987666,-146.9745912259,714.31230
CBIA ,24FEB07 ,2024.1013,60347,2300,3,-147.0,1365,0.967031,6788258,0.723044,714,0.316002,0.0000,0.000631,0.000957,0.002935,-0.115236,0.165666,-0.061154,61.2042987589,-146.9745912099,714.31600
CBIA ,24FEB08 ,2024.1040,60348,2300,4,-147.0,1365,0.963651,6788258,0.722467,714,0.309520,0.0000,0.000646,0.000967,0.003128,-0.107221,0.197124,-0.094252,61.2042987538,-146.9745912728,714.30952
CBIA ,24FEB09 ,2024.1068,60349,2300,5,-147.0,1365,0.965473,6788258,0.720465,714,0.320001,0.0000,0.000650,0.000972,0.003077,-0.107582,0.189048,-0.064111,61.2042987358,-146.9745912389,714.32000
CBIA ,24FEB10 ,2024.1095,60350,2300,6,-147.0,1365,0.968410,6788258,0.718518,714,0.321672,0.0000,0.000652,0.000980,0.003142,-0.089898,0.181304,-0.074484,61.2042987183,-146.9745911843,714.32167
CBIA ,24FEB11 ,2024.1123,60351,2301,0,-147.0,1365,0.967390,6788258,0.719734,714,0.320528,0.0000,0.000665,0.001024,0.003261,-0.088060,0.189230,-0.094809,61.2042987292,-146.9745912033,714.32053
CBIA ,24FEB12 ,2024.1150,60352,2301,1,-147.0,1365,0.968100,6788258,0.719852,714,0.314951,0.0000,0.000647,0.000995,0.003114,-0.089964,0.162959,-0.075074,61.2042987303,-146.9745911901,714.31495
CBIA ,24FEB13 ,2024.1177,60353,2301,2,-147.0,1365,0.969636,6788258,0.717756,714,0.316406,0.0000,0.000666,0.001050,0.003426,-0.075071,0.167905,-0.168327,61.2042987115,-146.9745911615,714.31641
CBIA ,24FEB14 ,2024.1205,60354,2301,3,-147.0,1365,0.967856,6788258,0.720450,714,0.311485,0.0000,0.000664,0.001001,0.003261,-0.092512,0.181629,-0.121474,61.2042987356,-146.9745911946,714.31149
CBIA ,24FEB15 ,2024.1232,60355,2301,4,-147.0,1365,0.966843,6788258,0.719277,714,0.310399,0.0000,0.000660,0.001006,0.003238,-0.097016,0.174583,-0.120913,61.2042987251,-146.9745912135,714.31040
CBIA ,24FEB16 ,2024.1259,60356,2301,5,-147.0,1365,0.967803,6788258,0.720234,714,0.313257,0.0000,0.000644,0.000996,0.003140,-0.107660,0.186936,-0.084894,61.2042987337,-146.9745911956,714.31326
CBIA ,24FEB17 ,2024.1287,60357,2301,6,-147.0,1365,0.967667,6788258,0.721765,714,0.316749,0.0000,0.000640,0.001015,0.003270,-0.093177,0.127322,-0.183263,61.2042987475,-146.9745911981,714.31675
CBIA ,24FEB18 ,2024.1314,60358,2302,0,-147.0,1365,0.970525,6788258,0.722780,714,0.316381,0.0000,0.000648,0.000988,0.003134,-0.083180,0.140485,-0.121934,61.2042987566,-146.9745911450,714.31638
CBIA ,24FEB19 ,2024.1342,60359,2302,1,-147.0,1365,0.966242,6788258,0.706768,714,0.307066,0.0000,0.000859,0.001354,0.004474,-0.074538,0.169076,-0.185066,61.2042986129,-146.9745912247,714.30707
CBIA ,24FEB20 ,2024.1369,60360,2302,2,-147.0,1365,0.981537,6788258,0.718184,714,0.317860,0.0000,0.000698,0.001104,0.003673,-0.101038,0.147403,-0.197482,61.2042987153,-146.9745909402,714.31786
CBIA ,24FEB21 ,2024.1396,60361,2302,3,-147.0,1365,0.971699,6788258,0.723195,714,0.315312,0.0000,0.000652,0.001012,0.003155,-0.123988,0.168544,-0.116420,61.2042987603,-146.9745911231,714.31531
CBIA ,24FEB22 ,2024.1424,60362,2302,4,-147.0,1365,0.970335,6788258,0.724160,714,0.313671,0.0000,0.000659,0.001006,0.003149,-0.095672,0.172795,-0.108969,61.2042987689,-146.9745911485,714.31367
CBIA ,24FEB23 ,2024.1451,60363,2302,5,-147.0,1365,0.968779,6788258,0.721155,714,0.310298,0.0000,0.000660,0.001012,0.003160,-0.112866,0.178493,-0.110205,61.2042987420,-146.9745911775,714.31030
CBIA ,24FEB24 ,2024.1478,60364,2302,6,-147.0,1365,0.968671,6788258,0.723562,714,0.310968,0.0000,0.000662,0.001029,0.003289,-0.103639,0.161971,-0.153919,61.2042987636,-146.9745911794,714.31097
CBIA ,24FEB25 ,2024.1506,60365,2303,0,-147.0,1365,0.965397,6788258,0.720266,714,0.314318,0.0000,0.000688,0.001076,0.003477,-0.065627,0.107643,-0.202044,61.2042987340,-146.9745912404,714.31432
CBIA ,24FEB26 ,2024.1533,60366,2303,1,-147.0,1365,0.966203,6788258,0.721650,714,0.311824,0.0000,0.000666,0.001025,0.003260,-0.106939,0.166280,-0.139562,61.2042987464,-146.9745912254,714.31182
CBIA ,24FEB27 ,2024.1561,60367,2303,2,-147.0,1365,0.966481,6788258,0.719023,714,0.314052,0.0000,0.000662,0.001022,0.003201,-0.125027,0.145144,-0.140772,61.2042987228,-146.9745912202,714.31405
CBIA ,24FEB28 ,2024.1588,60368,2303,3,-147.0,1365,0.966420,6788258,0.718648,714,0.319784,0.0000,0.000651,0.000998,0.003147,-0.111987,0.156637,-0.130590,61.2042987195,-146.9745912214,714.31978
CBIA ,24FEB29 ,2024.1615,60369,2303,4,-147.0,1365,0.968002,6788258,0.720223,714,0.312453,0.0000,0.000652,0.000979,0.003167,-0.115761,0.204470,-0.103607,61.2042987336,-146.9745911919,714.31245
CBIA ,24MAR01 ,2024.1643,60370,2303,5,-147.0,1365,0.967561,6788258,0.720884,714,0.313057,0.0000,0.000644,0.000991,0.003240,-0.091745,0.154060,-0.153779,61.2042987395,-146.9745912001,714.31306
CBIA ,24MAR02 ,2024.1670,60371,2303,6,-147.0,1365,0.967749,6788258,0.718737,714,0.308414,0.0000,0.000658,0.001006,0.003261,-0.110366,0.170067,-0.150738,61.2042987203,-146.9745911966,714.30841
CBIA ,24MAR03 ,2024.1697,60372,2304,0,-147.0,1365,0.968041,6788258,0.721000,714,0.311089,0.0000,0.000771,0.001160,0.003957,-0.130675,0.262411,-0.213367,61.2042987406,-146.9745911912,714.31109
CBIA ,24MAR04 ,2024.1725,60373,2304,1,-147.0,1365,0.968467,6788258,0.717852,714,0.304550,0.0000,0.000673,0.001013,0.003227,-0.157156,0.212972,-0.154194,61.2042987123,-146.9745911833,714.30455
CBIA ,24MAR05 ,2024.1752,60374,2304,2,-147.0,1365,0.969479,6788258,0.722109,714,0.303581,0.0000,0.000667,0.001009,0.003199,-0.123525,0.220309,-0.119209,61.2042987505,-146.9745911644,714.30358
CBIA ,24MAR06 ,2024.1780,60375,2304,3,-147.0,1365,0.971036,6788258,0.724018,714,0.313049,0.0000,0.000679,0.001000,0.003230,-0.135653,0.224737,-0.124629,61.2042987677,-146.9745911354,714.31305
CBIA ,24MAR07 ,2024.1807,60376,2304,4,-147.0,1365,0.966788,6788258,0.718457,714,0.313276,0.0000,0.000685,0.001010,0.003184,-0.147251,0.213775,-0.123446,61.2042987178,-146.9745912145,714.31328
CBIA ,24MAR08 ,2024.1834,60377,2304,5,-147.0,1365,0.964916,6788258,0.719220,714,0.312291,0.0000,0.000714,0.001029,0.003378,-0.136931,0.224938,-0.137218,61.2042987246,-146.9745912493,714.31229
CBIA ,24MAR09 ,2024.1862,60378,2304,6,-147.0,1365,0.968616,6788258,0.719301,714,0.312532,0.0000,0.000688,0.001016,0.003251,-0.146962,0.217612,-0.135833,61.2042987253,-146.9745911805,714.31253
CBIA ,24MAR10 ,2024.1889,60379,2305,0,-147.0,1365,0.967067,6788258,0.718072,714,0.311718,0.0000,0.000684,0.001003,0.003193,-0.144081,0.231411,-0.112310,61.2042987143,-146.9745912093,714.31172
CBIA ,24MAR11 ,2024.1916,60380,2305,1,-147.0,1365,0.965072,6788258,0.718039,714,0.314982,0.0000,0.000674,0.000999,0.003253,-0.121125,0.232755,-0.124985,61.2042987140,-146.9745912464,714.31498
CBIA ,24MAR12 ,2024.1944,60381,2305,2,-147.0,1365,0.965687,6788258,0.718405,714,0.315298,0.0000,0.000645,0.000986,0.003158,-0.101512,0.160557,-0.136809,61.2042987173,-146.9745912350,714.31530
CBIA ,24MAR13 ,2024.1971,60382,2305,3,-147.0,1365,0.967527,6788258,0.718636,714,0.305734,0.0000,0.000658,0.001013,0.003233,-0.109786,0.150388,-0.166541,61.2042987194,-146.9745912007,714.30573
CBIA ,24MAR14 ,2024.1999,60383,2305,4,-147.0,1365,0.967515,6788258,0.720143,714,0.304804,0.0000,0.000640,0.000987,0.003186,-0.117590,0.166841,-0.159075,61.2042987329,-146.9745912010,714.30480
CBIA ,24MAR15 ,2024.2026,60384,2305,5,-147.0,1365,0.966340,6788258,0.720807,714,0.298881,0.0000,0.000643,0.000977,0.003108,-0.113525,0.165928,-0.119307,61.2042987388,-146.9745912228,714.29888
CBIA ,24MAR16 ,2024.2053,60385,2305,6,-147.0,1365,0.966074,6788258,0.721031,714,0.303794,0.0000,0.000642,0.000987,0.003167,-0.091776,0.190542,-0.114363,61.2042987409,-146.9745912278,714.30379
CBIA ,24MAR17 ,2024.2081,60386,2306,0,-147.0,1365,0.972110,6788258,0.720164,714,0.297738,0.0000,0.000651,0.000993,0.003229,-0.119258,0.206239,-0.129429,61.2042987331,-146.9745911155,714.29774
CBIA ,24MAR18 ,2024.2108,60387,2306,1,-147.0,1365,0.982277,6788258,0.717165,714,0.284905,0.0000,0.000767,0.001074,0.003390,-0.112352,0.188711,-0.147650,61.2042987062,-146.9745909264,714.28490
CBIA ,24MAR19 ,2024.2136,60388,2306,2,-147.0,1365,0.967809,6788258,0.718878,714,0.303042,0.0000,0.000680,0.001040,0.003398,-0.124343,0.168008,-0.197616,61.2042987215,-146.9745911955,714.30304
CBIA ,24MAR20 ,2024.2163,60389,2306,3,-147.0,1365,0.966967,6788258,0.718197,714,0.302832,0.0000,0.000650,0.001005,0.003259,-0.131582,0.190944,-0.167660,61.2042987154,-146.9745912112,714.30283
CBIA ,24MAR21 ,2024.2190,60390,2306,4,-147.0,1365,0.966545,6788258,0.718448,714,0.301886,0.0000,0.000690,0.001104,0.003777,-0.076396,0.138088,-0.219297,61.2042987177,-146.9745912190,714.30189
CBIA ,24MAR22 ,2024.2218,60391,2306,5,-147.0,1365,0.967555,6788258,0.717659,714,0.302640,0.0000,0.000666,0.001020,0.003375,-0.104228,0.186857,-0.153470,61.2042987106,-146.9745912002,714.30264
CBIA ,24MAR23 ,2024.2245,60392,2306,6,-147.0,1365,0.966696,6788258,0.716575,714,0.302625,0.0000,0.000697,0.001103,0.003580,-0.114300,0.117067,-0.242508,61.2042987009,-146.9745912162,714.30263
CBIA ,24MAR24 ,2024.2272,60393,2307,0,-147.0,1365,0.966767,6788258,0.717478,714,0.305418,0.0000,0.000780,0.001165,0.003887,-0.104391,0.148778,-0.241946,61.2042987090,-146.9745912149,714.30542
CBIA ,24MAR25 ,2024.2300,60394,2307,1,-147.0,1365,0.967154,6788258,0.717398,714,0.315399,0.0000,0.000689,0.001046,0.003383,-0.118270,0.160448,-0.189110,61.2042987083,-146.9745912077,714.31540
CBIA ,24MAR26 ,2024.2327,60395,2307,2,-147.0,1365,0.973375,6788258,0.711431,714,0.309887,0.0000,0.000658,0.001005,0.003178,-0.117735,0.155944,-0.130018,61.2042986547,-146.9745910920,714.30989
CBIA ,24MAR27 ,2024.2355,60396,2307,3,-147.0,1365,0.966521,6788258,0.723377,714,0.298410,0.0000,0.000648,0.000983,0.003199,-0.099298,0.176505,-0.137358,61.2042987619,-146.9745912194,714.29841
CBIA ,24MAR28 ,2024.2382,60397,2307,4,-147.0,1365,0.967163,6788258,0.719877,714,0.304378,0.0000,0.000667,0.001000,0.003226,-0.101173,0.189012,-0.157829,61.2042987305,-146.9745912075,714.30438
CBIA ,24MAR29 ,2024.2409,60398,2307,5,-147.0,1365,0.966106,6788258,0.721555,714,0.306630,0.0000,0.000661,0.000994,0.003179,-0.111857,0.188245,-0.139144,61.2042987456,-146.9745912272,714.30663
CBIA ,24MAR30 ,2024.2437,60399,2307,6,-147.0,1365,0.967447,6788258,0.716337,714,0.313794,0.0000,0.000649,0.000995,0.003183,-0.122784,0.178468,-0.145580,61.2042986987,-146.9745912023,714.31379
CBIA ,24MAR31 ,2024.2464,60400,2308,0,-147.0,1365,0.966294,6788258,0.717414,714,0.311799,0.0000,0.000656,0.000985,0.003195,-0.114697,0.195758,-0.130222,61.2042987084,-146.9745912237,714.31180
CBIA ,24APR01 ,2024.2491,60401,2308,1,-147.0,1365,0.967261,6788258,0.720525,714,0.306172,0.0000,0.000657,0.001003,0.003208,-0.090773,0.155601,-0.151795,61.2042987363,-146.9745912057,714.30617
CBIA ,24APR02 ,2024.2519,60402,2308,2,-147.0,1365,0.964048,6788258,0.722228,714,0.307556,0.0000,0.000648,0.000976,0.003092,-0.095513,0.172404,-0.116058,61.2042987516,-146.9745912654,714.30756
CBIA ,24APR03 ,2024.2546,60403,2308,3,-147.0,1365,0.965066,6788258,0.717668,714,0.299065,0.0000,0.000650,0.000974,0.003048,-0.116186,0.184702,-0.080169,61.2042987107,-146.9745912465,714.29906
CBIA ,24APR04 ,2024.2574,60404,2308,4,-147.0,1365,0.965281,6788258,0.718207,714,0.293375,0.0000,0.000657,0.001008,0.003191,-0.106145,0.160364,-0.150082,61.2042987155,-146.9745912425,714.29338
CBIA ,24APR05 ,2024.2601,60405,2308,5,-147.0,1365,0.968809,6788258,0.717884,714,0.309218,0.0000,0.000683,0.000997,0.003207,-0.169754,0.196264,-0.122063,61.2042987126,-146.9745911769,714.30922
CBIA ,24APR06 ,2024.2628,60406,2308,6,-147.0,1365,0.964318,6788258,0.721522,714,0.301260,0.0000,0.000665,0.000980,0.003086,-0.138239,0.194103,-0.098581,61.2042987453,-146.9745912604,714.30126
CBIA ,24APR07 ,2024.2656,60407,2309,0,-147.0,1365,0.965046,6788258,0.718022,714,0.309638,0.0000,0.000644,0.000955,0.002986,-0.127983,0.197917,-0.077965,61.2042987139,-146.9745912469,714.30964
CBIA ,24APR08 ,2024.2683,60408,2309,1,-147.0,1365,0.962549,6788258,0.717539,714,0.307971,0.0000,0.000675,0.001024,0.003194,-0.108389,0.169428,-0.100302,61.2042987095,-146.9745912934,714.30797
CBIA ,24APR09 ,2024.2710,60409,2309,2,-147.0,1365,0.964488,6788258,0.717787,714,0.309254,0.0000,0.000656,0.000996,0.003223,-0.112782,0.191807,-0.142363,61.2042987117,-146.9745912573,714.30925
CBIA ,24APR10 ,2024.2738,60410,2309,3,-147.0,1365,0.965308,6788258,0.720289,714,0.306797,0.0000,0.000667,0.000975,0.003124,-0.119345,0.199104,-0.097632,61.2042987342,-146.9745912420,714.30680
CBIA ,24APR11 ,2024.2765,60411,2309,4,-147.0,1365,0.963697,6788258,0.718643,714,0.305433,0.0000,0.000658,0.000962,0.003054,-0.132836,0.225495,-0.075165,61.2042987194,-146.9745912720,714.30543
CBIA ,24APR12 ,2024.2793,60412,2309,5,-147.0,1365,0.965050,6788258,0.716853,714,0.313044,0.0000,0.000650,0.000962,0.003042,-0.131183,0.202182,-0.099251,61.2042987034,-146.9745912468,714.31304
CBIA ,24APR13 ,2024.2820,60413,2309,6,-147.0,1365,0.973844,6788258,0.718728,714,0.298125,0.0000,0.000666,0.000967,0.003013,-0.103963,0.191943,-0.069389,61.2042987202,-146.9745910832,714.29812
CBIA ,24APR14 ,2024.2847,60414,2310,0,-147.0,1365,0.963387,6788258,0.717276,714,0.301895,0.0000,0.000647,0.000956,0.003003,-0.108213,0.199506,-0.073626,61.2042987072,-146.9745912778,714.30189
CBIA ,24APR15 ,2024.2875,60415,2310,1,-147.0,1365,0.964561,6788258,0.720863,714,0.286782,0.0000,0.000657,0.000978,0.003095,-0.118384,0.195872,-0.098555,61.2042987394,-146.9745912559,714.28678
CBIA ,24APR16 ,2024.2902,60416,2310,2,-147.0,1365,0.965942,6788258,0.720864,714,0.284300,0.0000,0.000748,0.001115,0.004023,-0.054568,0.176087,-0.242369,61.2042987394,-146.9745912302,714.28430
CBIA ,24APR17 ,2024.2930,60417,2310,3,-147.0,1365,0.964526,6788258,0.720572,714,0.288112,0.0000,0.000657,0.000981,0.003081,-0.119717,0.187712,-0.081826,61.2042987367,-146.9745912566,714.28811
CBIA ,24APR18 ,2024.2957,60418,2310,4,-147.0,1365,0.965570,6788258,0.720976,714,0.300306,0.0000,0.000659,0.000990,0.003137,-0.113961,0.189517,-0.095797,61.2042987404,-146.9745912371,714.30031
CBIA ,24APR19 ,2024.2984,60419,2310,5,-147.0,1365,0.966152,6788258,0.721991,714,0.302702,0.0000,0.000829,0.001285,0.004474,-0.045974,0.141669,-0.264031,61.2042987495,-146.9745912263,714.30270
CBIA ,24APR20 ,2024.3012,60420,2310,6,-147.0,1365,0.965970,6788258,0.718842,714,0.293547,0.0000,0.000669,0.001032,0.003363,-0.079342,0.148479,-0.166271,61.2042987212,-146.9745912297,714.29355
CBIA ,24APR21 ,2024.3039,60421,2311,0,-147.0,1365,0.965064,6788258,0.717963,714,0.299612,0.0000,0.000683,0.001086,0.003703,-0.076574,0.144414,-0.205467,61.2042987133,-146.9745912466,714.29961
CBIA ,24APR22 ,2024.3066,60422,2311,1,-147.0,1365,0.962453,6788258,0.718544,714,0.298343,0.0000,0.000663,0.001000,0.003249,-0.100141,0.199228,-0.117212,61.2042987185,-146.9745912951,714.29834
CBIA ,24APR23 ,2024.3094,60423,2311,2,-147.0,1365,0.962842,6788258,0.718710,714,0.298366,0.0000,0.000659,0.001013,0.003270,-0.101834,0.180703,-0.134159,61.2042987200,-146.9745912879,714.29837
CBIA ,24APR24 ,2024.3121,60424,2311,3,-147.0,1365,0.961398,6788258,0.714716,714,0.292872,0.0000,0.000652,0.001005,0.003235,-0.090526,0.168168,-0.159117,61.2042986842,-146.9745913148,714.29287
CBIA ,24APR25 ,2024.3149,60425,2311,4,-147.0,1365,0.962538,6788258,0.715565,714,0.295381,0.0000,0.000658,0.001018,0.003274,-0.095493,0.168830,-0.164309,61.2042986918,-146.9745912936,714.29538
CBIA ,24APR26 ,2024.3176,60426,2311,5,-147.0,1365,0.964112,6788258,0.715590,714,0.301817,0.0000,0.000744,0.001157,0.003810,-0.075661,0.181154,-0.191057,61.2042986920,-146.9745912643,714.30182
CBIA ,24APR27 ,2024.3203,60427,2311,6,-147.0,1365,0.963587,6788258,0.719610,714,0.304524,0.0000,0.000652,0.000998,0.003180,-0.103716,0.158745,-0.117809,61.2042987281,-146.9745912740,714.30452
CBIA ,24APR28 ,2024.3231,60428,2312,0,-147.0,1365,0.965372,6788258,0.717321,714,0.298091,0.0000,0.000660,0.001004,0.003171,-0.108902,0.180205,-0.124996,61.2042987076,-146.9745912408,714.29809
CBIA ,24APR29 ,2024.3258,60429,2312,1,-147.0,1365,0.964249,6788258,0.717160,714,0.296553,0.0000,0.000658,0.000996,0.003220,-0.092220,0.181421,-0.124975,61.2042987061,-146.9745912617,714.29655
CBIA ,24APR30 ,2024.3285,60430,2312,2,-147.0,1365,0.965084,6788258,0.716901,714,0.291267,0.0000,0.000657,0.001011,0.003256,-0.091948,0.155311,-0.161377,61.2042987038,-146.9745912462,714.29127
CBIA ,24MAY01 ,2024.3313,60431,2312,3,-147.0,1365,0.968261,6788258,0.720716,714,0.293153,0.0000,0.000647,0.001012,0.003239,-0.109306,0.186778,-0.133201,61.2042987380,-146.9745911871,714.29315
CBIA ,24MAY02 ,2024.3340,60432,2312,4,-147.0,1365,0.964572,6788258,0.719896,714,0.288686,0.0000,0.000712,0.001126,0.003653,-0.038759,0.131251,-0.197372,61.2042987307,-146.9745912557,714.28869
CBIA ,24MAY03 ,2024.3368,60433,2312,5,-147.0,1365,0.963793,6788258,0.716382,714,0.290976,0.0000,0.000660,0.001004,0.003160,-0.126193,0.194127,-0.125262,61.2042986991,-146.9745912702,714.29098
CBIA ,24MAY04 ,2024.3395,60434,2312,6,-147.0,1365,0.968169,6788258,0.719124,714,0.294942,0.0000,0.000668,0.001029,0.003339,-0.073061,0.143237,-0.170380,61.2042987237,-146.9745911888,714.29494
CBIA ,24MAY05 ,2024.3422,60435,2313,0,-147.0,1365,0.964879,6788258,0.715227,714,0.295947,0.0000,0.000652,0.001000,0.003245,-0.090572,0.159790,-0.138753,61.2042986888,-146.9745912500,714.29595
CBIA ,24MAY06 ,2024.3450,60436,2313,1,-147.0,1365,0.965811,6788258,0.718087,714,0.295633,0.0000,0.000672,0.001028,0.003184,-0.062130,0.154188,-0.116101,61.2042987144,-146.9745912327,714.29563
CBIA ,24MAY07 ,2024.3477,60437,2313,2,-147.0,1365,0.965005,6788258,0.713790,714,0.298006,0.0000,0.000650,0.001011,0.003211,-0.092780,0.153270,-0.145683,61.2042986759,-146.9745912477,714.29801
CBIA ,24MAY08 ,2024.3504,60438,2313,3,-147.0,1365,0.963430,6788258,0.713790,714,0.296445,0.0000,0.000665,0.001014,0.003263,-0.104646,0.173611,-0.136764,61.2042986759,-146.9745912770,714.29644
CBIA ,24MAY09 ,2024.3532,60439,2313,4,-147.0,1365,1.001435,6788258,0.711930,714,0.297643,0.0000,0.000704,0.001101,0.003538,-0.114431,0.149827,-0.151651,61.2042986592,-146.9745905701,714.29764
CBIA ,24MAY10 ,2024.3559,60440,2313,5,-147.0,1365,0.966490,6788258,0.717470,714,0.294330,0.0000,0.000735,0.001141,0.003693,-0.047791,0.100490,-0.215458,61.2042987089,-146.9745912200,714.29433
CBIA ,24MAY11 ,2024.3587,60441,2313,6,-147.0,1365,0.965354,6788258,0.712220,714,0.284501,0.0000,0.001162,0.001779,0.005859,-0.033801,0.114444,-0.155296,61.2042986618,-146.9745912412,714.28450
CBIA ,24MAY12 ,2024.3614,60442,2314,0,-147.0,1365,0.967165,6788258,0.713976,714,0.299391,0.0000,0.000680,0.001029,0.003283,-0.086680,0.141844,-0.157945,61.2042986775,-146.9745912075,714.29939
CBIA ,24MAY13 ,2024.3641,60443,2314,1,-147.0,1365,0.972383,6788258,0.709654,714,0.303926,0.0000,0.000651,0.001001,0.003182,-0.107538,0.158082,-0.142161,61.2042986388,-146.9745911105,714.30393
CBIA ,24MAY14 ,2024.3669,60444,2314,2,-147.0,1365,0.965409,6788258,0.713996,714,0.294285,0.0000,0.000650,0.001010,0.003239,-0.103755,0.169772,-0.149442,61.2042986777,-146.9745912402,714.29428
CBIA ,24MAY15 ,2024.3696,60445,2314,3,-147.0,1365,0.965241,6788258,0.715109,714,0.285926,0.0000,0.000661,0.001018,0.003314,-0.083942,0.159550,-0.166306,61.2042986877,-146.9745912433,714.28593
CBIA ,24MAY16 ,2024.3723,60446,2314,4,-147.0,1365,0.965453,6788258,0.715509,714,0.293766,0.0000,0.000735,0.001132,0.003660,-0.114107,0.186481,-0.196205,61.2042986913,-146.9745912394,714.29377
CBIA ,24MAY17 ,2024.3751,60447,2314,5,-147.0,1365,0.967225,6788258,0.714155,714,0.295332,0.0000,0.000687,0.001118,0.003562,-0.060935,0.106440,-0.245611,61.2042986792,-146.9745912064,714.29533
CBIA ,24MAY18 ,2024.3778,60448,2314,6,-147.0,1365,0.966465,6788258,0.714552,714,0.292361,0.0000,0.000675,0.001044,0.003382,-0.071375,0.161421,-0.155527,61.2042986827,-146.9745912205,714.29236
CBIA ,24MAY19 ,2024.3806,60449,2315,0,-147.0,1365,0.967924,6788258,0.714524,714,0.295106,0.0000,0.000667,0.001033,0.003363,-0.105310,0.151492,-0.187857,61.2042986825,-146.9745911934,714.29511
CBIA ,24MAY20 ,2024.3833,60450,2315,1,-147.0,1365,0.967686,6788258,0.714060,714,0.291582,0.0000,0.000654,0.001026,0.003277,-0.089404,0.152417,-0.178575,61.2042986783,-146.9745911978,714.29158
CBIA ,24MAY21 ,2024.3860,60451,2315,2,-147.0,1365,0.968367,6788258,0.714256,714,0.294227,0.0000,0.000659,0.001025,0.003333,-0.088713,0.159309,-0.171414,61.2042986801,-146.9745911852,714.29423
CBIA ,24MAY22 ,2024.3888,60452,2315,3,-147.0,1365,0.969589,6788258,0.715906,714,0.298457,0.0000,0.000665,0.001043,0.003276,-0.105526,0.159751,-0.145418,61.2042986949,-146.9745911624,714.29846
CBIA ,24MAY23 ,2024.3915,60453,2315,4,-147.0,1365,0.968415,6788258,0.714573,714,0.299157,0.0000,0.000660,0.001037,0.003368,-0.071776,0.144246,-0.194023,61.2042986829,-146.9745911843,714.29916
CBIA ,24MAY24 ,2024.3943,60454,2315,5,-147.0,1365,0.968615,6788258,0.713731,714,0.296880,0.0000,0.000656,0.001023,0.003269,-0.088309,0.151351,-0.149111,61.2042986754,-146.9745911805,714.29688
CBIA ,24MAY25 ,2024.3970,60455,2315,6,-147.0,1365,0.967855,6788258,0.714388,714,0.295906,0.0000,0.000659,0.001024,0.003310,-0.101149,0.166625,-0.170850,61.2042986813,-146.9745911947,714.29591
CBIA ,24MAY26 ,2024.3997,60456,2316,0,-147.0,1365,0.970388,6788258,0.712617,714,0.294869,0.0000,0.000670,0.001028,0.003320,-0.105596,0.206351,-0.109134,61.2042986654,-146.9745911476,714.29487
CBIA ,24MAY27 ,2024.4025,60457,2316,1,-147.0,1365,0.968864,6788258,0.710659,714,0.294201,0.0000,0.000668,0.001023,0.003312,-0.093135,0.181087,-0.126872,61.2042986478,-146.9745911760,714.29420
CBIA ,24MAY28 ,2024.4052,60458,2316,2,-147.0,1365,0.971062,6788258,0.713646,714,0.297582,0.0000,0.000663,0.001012,0.003221,-0.101543,0.194882,-0.098977,61.2042986746,-146.9745911350,714.29758
CBIA ,24MAY29 ,2024.4079,60459,2316,3,-147.0,1365,0.972463,6788258,0.712337,714,0.300113,0.0000,0.000662,0.001029,0.003271,-0.090430,0.183969,-0.106442,61.2042986628,-146.9745911090,714.30011
CBIA ,24MAY30 ,2024.4107,60460,2316,4,-147.0,1365,0.969211,6788258,0.712015,714,0.295152,0.0000,0.000662,0.001020,0.003289,-0.087163,0.192961,-0.108260,61.2042986599,-146.9745911695,714.29515
CBIA ,24MAY31 ,2024.4134,60461,2316,5,-147.0,1365,0.970419,6788258,0.708050,714,0.296196,0.0000,0.000696,0.001054,0.003508,-0.072830,0.176123,-0.158512,61.2042986244,-146.9745911470,714.29620
CBIA ,24JUN01 ,2024.4162,60462,2316,6,-147.0,1365,0.969774,6788258,0.709717,714,0.299904,0.0000,0.000674,0.001029,0.003352,-0.116555,0.202097,-0.132269,61.2042986393,-146.9745911590,714.29990
CBIA ,24JUN02 ,2024.4189,60463,2317,0,-147.0,1365,0.970228,6788258,0.707834,714,0.300682,0.0000,0.000670,0.001032,0.003318,-0.106539,0.195519,-0.132653,61.2042986224,-146.9745911506,714.30068
CBIA ,24JUN03 ,2024.4216,60464,2317,1,-147.0,1365,0.969169,6788258,0.706764,714,0.306945,0.0000,0.000666,0.001028,0.003261,-0.107479,0.176424,-0.123604,61.2042986128,-146.9745911703,714.30695
CBIA ,24JUN04 ,2024.4244,60465,2317,2,-147.0,1365,0.971869,6788258,0.705738,714,0.308102,0.0000,0.000667,0.001023,0.003285,-0.107097,0.172461,-0.136596,61.2042986036,-146.9745911201,714.30810
CBIA ,24JUN05 ,2024.4271,60466,2317,3,-147.0,1365,0.971753,6788258,0.708423,714,0.306652,0.0000,0.000684,0.001042,0.003422,-0.092575,0.189206,-0.119992,61.2042986277,-146.9745911222,714.30665
CBIA ,24JUN06 ,2024.4298,60467,2317,4,-147.0,1365,0.973018,6788258,0.706671,714,0.302487,0.0000,0.000677,0.001034,0.003378,-0.108044,0.198678,-0.141920,61.2042986120,-146.9745910987,714.30249
CBIA ,24JUN07 ,2024.4326,60468,2317,5,-147.0,1365,0.971607,6788258,0.704206,714,0.297582,0.0000,0.000681,0.001049,0.003423,-0.078260,0.193040,-0.131821,61.2042985899,-146.9745911250,714.29758
CBIA ,24JUN08 ,2024.4353,60469,2317,6,-147.0,1365,0.974846,6788258,0.699471,714,0.302056,0.0000,0.000668,0.001026,0.003341,-0.159099,0.182446,-0.130048,61.2042985474,-146.9745910647,714.30206
CBIA ,24JUN09 ,2024.4381,60470,2318,0,-147.0,1365,0.975454,6788258,0.700975,714,0.300947,0.0000,0.000652,0.000989,0.003168,-0.111491,0.192631,-0.128881,61.2042985609,-146.9745910534,714.30095
CBIA ,24JUN10 ,2024.4408,60471,2318,1,-147.0,1365,0.973611,6788258,0.698592,714,0.307795,0.0000,0.000657,0.000988,0.003161,-0.131825,0.205960,-0.119843,61.2042985395,-146.9745910877,714.30780
CBIA ,24JUN11 ,2024.4435,60472,2318,2,-147.0,1365,0.973078,6788258,0.700021,714,0.305074,0.0000,0.000669,0.000990,0.003255,-0.133917,0.227903,-0.097060,61.2042985523,-146.9745910976,714.30507
CBIA ,24JUN12 ,2024.4463,60473,2318,3,-147.0,1365,0.973066,6788258,0.700629,714,0.305029,0.0000,0.000657,0.000991,0.003255,-0.125989,0.218486,-0.125879,61.2042985578,-146.9745910979,714.30503
CBIA ,24JUN13 ,2024.4490,60474,2318,4,-147.0,1365,0.975950,6788258,0.697859,714,0.303244,0.0000,0.000665,0.000994,0.003284,-0.132312,0.232580,-0.114124,61.2042985329,-146.9745910442,714.30324
CBIA ,24JUN14 ,2024.4517,60475,2318,5,-147.0,1365,0.972995,6788258,0.697311,714,0.307240,0.0000,0.000657,0.000997,0.003237,-0.122531,0.208922,-0.128645,61.2042985280,-146.9745910992,714.30724
CBIA ,24JUN15 ,2024.4545,60476,2318,6,-147.0,1365,0.972790,6788258,0.698055,714,0.309967,0.0000,0.000681,0.001033,0.003378,-0.090642,0.211001,-0.127631,61.2042985347,-146.9745911030,714.30997
CBIA ,24JUN16 ,2024.4572,60477,2319,0,-147.0,1365,0.974075,6788258,0.699732,714,0.302484,0.0000,0.000645,0.000991,0.003198,-0.122605,0.181324,-0.138793,61.2042985497,-146.9745910791,714.30248
CBIA ,24JUN17 ,2024.4600,60478,2319,1,-147.0,1365,0.975478,6788258,0.697758,714,0.306273,0.0000,0.000663,0.001002,0.003329,-0.116574,0.201852,-0.149729,61.2042985320,-146.9745910530,714.30627
CBIA ,24JUN18 ,2024.4627,60479,2319,2,-147.0,1365,0.977760,6788258,0.694541,714,0.305833,0.0000,0.000677,0.001007,0.003314,-0.121348,0.220384,-0.121387,61.2042985031,-146.9745910106,714.30583
CBIA ,24JUN19 ,2024.4654,60480,2319,3,-147.0,1365,0.974898,6788258,0.695099,714,0.305653,0.0000,0.000647,0.000985,0.003149,-0.116032,0.202749,-0.091550,61.2042985082,-146.9745910638,714.30565
CBIA ,24JUN20 ,2024.4682,60481,2319,4,-147.0,1365,0.975978,6788258,0.693529,714,0.304942,0.0000,0.000651,0.000981,0.003126,-0.103468,0.202344,-0.067220,61.2042984941,-146.9745910437,714.30494
CBIA ,24JUN21 ,2024.4709,60482,2319,5,-147.0,1365,0.975721,6788258,0.695379,714,0.305857,0.0000,0.000641,0.000965,0.003109,-0.097352,0.206080,-0.049935,61.2042985107,-146.9745910485,714.30586
CBIA ,24JUN22 ,2024.4736,60483,2319,6,-147.0,1365,0.975923,6788258,0.695765,714,0.305538,0.0000,0.000661,0.000981,0.003169,-0.108701,0.209788,-0.072624,61.2042985141,-146.9745910447,714.30554
CBIA ,24JUN23 ,2024.4764,60484,2320,0,-147.0,1365,0.974080,6788258,0.694021,714,0.304600,0.0000,0.000661,0.000999,0.003180,-0.090073,0.193041,-0.066003,61.2042984985,-146.9745910790,714.30460
CBIA ,24JUN24 ,2024.4791,60485,2320,1,-147.0,1365,0.975549,6788258,0.691344,714,0.309527,0.0000,0.000647,0.000966,0.002992,-0.127340,0.183438,-0.052741,61.2042984744,-146.9745910517,714.30953
CBIA ,24JUN25 ,2024.4819,60486,2320,2,-147.0,1365,0.975880,6788258,0.690844,714,0.308051,0.0000,0.000645,0.000968,0.003023,-0.099786,0.177145,-0.062887,61.2042984700,-146.9745910456,714.30805
CBIA ,24JUN26 ,2024.4846,60487,2320,3,-147.0,1365,0.974398,6788258,0.690115,714,0.304089,0.0000,0.000646,0.000977,0.003129,-0.092301,0.187116,-0.091029,61.2042984634,-146.9745910732,714.30409
CBIA ,24JUN27 ,2024.4873,60488,2320,4,-147.0,1365,0.977132,6788258,0.692706,714,0.308900,0.0000,0.000655,0.000996,0.003131,-0.099798,0.180482,-0.079393,61.2042984867,-146.9745910223,714.30890
CBIA ,24JUN28 ,2024.4901,60489,2320,5,-147.0,1365,0.977730,6788258,0.693398,714,0.318216,0.0000,0.000802,0.001214,0.003961,-0.060317,0.194318,-0.061026,61.2042984929,-146.9745910112,714.31822
CBIA ,24JUN29 ,2024.4928,60490,2320,6,-147.0,1365,0.975011,6788258,0.691913,714,0.307493,0.0000,0.000658,0.000990,0.003103,-0.110417,0.205542,-0.068515,61.2042984796,-146.9745910617,714.30749
CBIA ,24JUN30 ,2024.4956,60491,2321,0,-147.0,1365,0.976877,6788258,0.692325,714,0.311007,0.0000,0.000647,0.000982,0.003107,-0.115242,0.176864,-0.069312,61.2042984833,-146.9745910270,714.31101
CBIA ,24JUL01 ,2024.4983,60492,2321,1,-147.0,1365,0.977161,6788258,0.691789,714,0.312060,0.0000,0.000653,0.000972,0.003009,-0.125780,0.178204,-0.030359,61.2042984784,-146.9745910218,714.31206
CBIA ,24JUL02 ,2024.5010,60493,2321,2,-147.0,1365,0.975151,6788258,0.691797,714,0.306741,0.0000,0.000646,0.000965,0.003050,-0.118346,0.199501,-0.051171,61.2042984785,-146.9745910591,714.30674
CBIA ,24JUL03 ,2024.5038,60494,2321,3,-147.0,1365,0.976005,6788258,0.691665,714,0.306459,0.0000,0.000654,0.000970,0.003124,-0.114152,0.189474,-0.091320,61.2042984773,-146.9745910432,714.30646
CBIA ,24JUL04 ,2024.5065,60495,2321,4,-147.0,1365,0.974968,6788258,0.691206,714,0.295089,0.0000,0.000645,0.000971,0.003101,-0.098984,0.189876,-0.072342,61.2042984732,-146.9745910625,714.29509
CBIA ,24JUL05 ,2024.5092,60496,2321,5,-147.0,1365,0.976819,6788258,0.693324,714,0.306530,0.0000,0.000646,0.000966,0.003050,-0.115941,0.197603,-0.036432,61.2042984922,-146.9745910281,714.30653
CBIA ,24JUL06 ,2024.5120,60497,2321,6,-147.0,1365,0.976892,6788258,0.693357,714,0.301515,0.0000,0.000647,0.000967,0.003046,-0.110532,0.185922,-0.052114,61.2042984925,-146.9745910267,714.30151
CBIA ,24JUL07 ,2024.5147,60498,2322,0,-147.0,1365,0.975497,6788258,0.691499,714,0.302711,0.0000,0.000641,0.000956,0.003035,-0.109951,0.190584,-0.066704,61.2042984758,-146.9745910527,714.30271
CBIA ,24JUL08 ,2024.5175,60499,2322,1,-147.0,1365,0.975993,6788258,0.689615,714,0.309914,0.0000,0.000649,0.000957,0.003004,-0.107198,0.185870,-0.046423,61.2042984589,-146.9745910435,714.30991
CBIA ,24JUL09 ,2024.5202,60500,2322,2,-147.0,1365,0.974831,6788258,0.690624,714,0.311273,0.0000,0.000653,0.000963,0.003031,-0.114609,0.170230,-0.066994,61.2042984680,-146.9745910651,714.31127
CBIA ,24JUL10 ,2024.5229,60501,2322,3,-147.0,1365,0.974296,6788258,0.690291,714,0.304635,0.0000,0.000650,0.000968,0.003061,-0.095398,0.198939,-0.048092,61.2042984650,-146.9745910751,714.30463
CBIA ,24JUL11 ,2024.5257,60502,2322,4,-147.0,1365,0.978364,6788258,0.690688,714,0.310695,0.0000,0.000636,0.000942,0.002978,-0.113694,0.187615,-0.058381,61.2042984686,-146.9745909994,714.31070
CBIA ,24JUL12 ,2024.5284,60503,2322,5,-147.0,1365,0.978424,6788258,0.691285,714,0.310538,0.0000,0.000640,0.000945,0.002998,-0.120207,0.192908,-0.052663,61.2042984739,-146.9745909983,714.31054
CBIA ,24JUL13 ,2024.5311,60504,2322,6,-147.0,1365,0.978964,6788258,0.691072,714,0.309817,0.0000,0.000645,0.000963,0.003057,-0.119092,0.186137,-0.076837,61.2042984720,-146.9745909882,714.30982
CBIA ,24JUL14 ,2024.5339,60505,2323,0,-147.0,1365,0.978643,6788258,0.689930,714,0.313873,0.0000,0.000653,0.000975,0.003133,-0.103840,0.184484,-0.077121,61.2042984618,-146.9745909942,714.31387
CBIA ,24JUL15 ,2024.5366,60506,2323,1,-147.0,1365,0.978217,6788258,0.689327,714,0.312096,0.0000,0.000643,0.000957,0.003042,-0.123314,0.196956,-0.068896,61.2042984564,-146.9745910021,714.31210
CBIA ,24JUL16 ,2024.5394,60507,2323,2,-147.0,1365,0.978111,6788258,0.689362,714,0.306899,0.0000,0.000641,0.000952,0.003041,-0.109890,0.193416,-0.052876,61.2042984567,-146.9745910041,714.30690
CBIA ,24JUL17 ,2024.5421,60508,2323,3,-147.0,1365,0.978979,6788258,0.689851,714,0.311023,0.0000,0.000638,0.000951,0.002949,-0.136769,0.170509,-0.061443,61.2042984610,-146.9745909879,714.31102
CBIA ,24JUL18 ,2024.5448,60509,2323,4,-147.0,1365,0.977699,6788258,0.688501,714,0.308753,0.0000,0.000638,0.000950,0.002959,-0.120240,0.165383,-0.048434,61.2042984489,-146.9745910118,714.30875
CBIA ,24JUL19 ,2024.5476,60510,2323,5,-147.0,1365,0.975473,6788258,0.689442,714,0.307755,0.0000,0.000638,0.000958,0.002977,-0.124285,0.156747,-0.062487,61.2042984574,-146.9745910532,714.30775
CBIA ,24JUL20 ,2024.5503,60511,2323,6,-147.0,1365,0.976900,6788258,0.689317,714,0.307536,0.0000,0.000650,0.000958,0.003037,-0.123649,0.189503,-0.046374,61.2042984563,-146.9745910266,714.30754
CBIA ,24JUL21 ,2024.5530,60512,2324,0,-147.0,1365,0.978260,6788258,0.691092,714,0.304480,0.0000,0.000640,0.000941,0.003004,-0.118061,0.193788,-0.052165,61.2042984722,-146.9745910013,714.30448
CBIA ,24JUL22 ,2024.5558,60513,2324,1,-147.0,1365,0.976777,6788258,0.689765,714,0.302989,0.0000,0.000648,0.000969,0.003129,-0.105190,0.193847,-0.059325,61.2042984603,-146.9745910289,714.30299
CBIA ,24JUL23 ,2024.5585,60514,2324,2,-147.0,1365,0.975683,6788258,0.689183,714,0.305944,0.0000,0.000641,0.000961,0.003009,-0.105954,0.167291,-0.059352,61.2042984551,-146.9745910493,714.30594
CBIA ,24JUL24 ,2024.5613,60515,2324,3,-147.0,1365,0.976640,6788258,0.688532,714,0.312310,0.0000,0.000663,0.000978,0.003089,-0.118888,0.174863,-0.048567,61.2042984492,-146.9745910315,714.31231
CBIA ,24JUL25 ,2024.5640,60516,2324,4,-147.0,1365,0.978176,6788258,0.689420,714,0.308138,0.0000,0.000654,0.000966,0.003044,-0.133290,0.160304,-0.069216,61.2042984572,-146.9745910029,714.30814
CBIA ,24JUL26 ,2024.5667,60517,2324,5,-147.0,1365,0.973938,6788258,0.689840,714,0.308770,0.0000,0.000697,0.001067,0.003490,-0.093134,0.147596,-0.158659,61.2042984610,-146.9745910817,714.30877
CBIA ,24JUL27 ,2024.5695,60518,2324,6,-147.0,1365,0.976395,6788258,0.687719,714,0.313327,0.0000,0.000664,0.000983,0.003167,-0.101397,0.174421,-0.109362,61.2042984419,-146.9745910360,714.31333
CBIA ,24JUL28 ,2024.5722,60519,2325,0,-147.0,1365,0.980326,6788258,0.689302,714,0.313783,0.0000,0.000638,0.000954,0.003040,-0.104403,0.153018,-0.093507,61.2042984561,-146.9745909629,714.31378
CBIA ,24JUL29 ,2024.5749,60520,2325,1,-147.0,1365,0.974255,6788258,0.688618,714,0.316575,0.0000,0.000676,0.000990,0.003163,-0.127420,0.167053,-0.051087,61.2042984500,-146.9745910758,714.31658
CBIA ,24JUL30 ,2024.5777,60521,2325,2,-147.0,1365,0.978484,6788258,0.686182,714,0.319543,0.0000,0.000705,0.001052,0.003341,-0.085478,0.131890,-0.101922,61.2042984281,-146.9745909972,714.31954
CBIA ,24JUL31 ,2024.5804,60522,2325,3,-147.0,1365,0.978432,6788258,0.691503,714,0.316091,0.0000,0.000642,0.000955,0.003036,-0.115868,0.173417,-0.077672,61.2042984759,-146.9745909981,714.31609
CBIA ,24AUG01 ,2024.5832,60523,2325,4,-147.0,1365,0.975169,6788258,0.690026,714,0.310036,0.0000,0.000641,0.000972,0.003089,-0.095795,0.168049,-0.097590,61.2042984626,-146.9745910588,714.31004
CBIA ,24AUG02 ,2024.5859,60524,2325,5,-147.0,1365,0.977764,6788258,0.688318,714,0.313262,0.0000,0.000648,0.000962,0.003072,-0.115756,0.188614,-0.062178,61.2042984473,-146.9745910105,714.31326
CBIA ,24AUG03 ,2024.5886,60525,2325,6,-147.0,1365,0.978505,6788258,0.685912,714,0.312139,0.0000,0.000651,0.000962,0.003076,-0.107383,0.193107,-0.081557,61.2042984257,-146.9745909968,714.31214
CBIA ,24AUG04 ,2024.5914,60526,2326,0,-147.0,1365,0.980507,6788258,0.688632,714,0.311973,0.0000,0.000788,0.001212,0.003767,-0.131230,0.125915,-0.106469,61.2042984501,-146.9745909595,714.31197
CBIA ,24AUG05 ,2024.5941,60527,2326,1,-147.0,1365,0.979312,6788258,0.688949,714,0.306791,0.0000,0.000644,0.000966,0.003075,-0.118184,0.181187,-0.068572,61.2042984530,-146.9745909817,714.30679
CBIA ,24AUG06 ,2024.5969,60528,2326,2,-147.0,1365,0.980999,6788258,0.688565,714,0.311668,0.0000,0.000671,0.000997,0.003254,-0.111296,0.197301,-0.109811,61.2042984495,-146.9745909504,714.31167
CBIA ,24AUG07 ,2024.5996,60529,2326,3,-147.0,1365,0.978501,6788258,0.689046,714,0.305524,0.0000,0.000653,0.000968,0.003100,-0.115862,0.187439,-0.070771,61.2042984538,-146.9745909968,714.30552
CBIA ,24AUG08 ,2024.6023,60530,2326,4,-147.0,1365,0.980293,6788258,0.687283,714,0.313804,0.0000,0.000653,0.000975,0.003054,-0.138081,0.166646,-0.073126,61.2042984380,-146.9745909635,714.31380
CBIA ,24AUG09 ,2024.6051,60531,2326,5,-147.0,1365,0.978822,6788258,0.685160,714,0.318481,0.0000,0.000651,0.000964,0.003095,-0.110581,0.182782,-0.076712,61.2042984190,-146.9745909909,714.31848
CBIA ,24AUG10 ,2024.6078,60532,2326,6,-147.0,1365,0.979100,6788258,0.684617,714,0.315331,0.0000,0.000648,0.000967,0.003095,-0.136542,0.167440,-0.112405,61.2042984141,-146.9745909857,714.31533
CBIA ,24AUG11 ,2024.6105,60533,2327,0,-147.0,1365,0.978644,6788258,0.686879,714,0.316495,0.0000,0.000655,0.000971,0.003090,-0.132444,0.178437,-0.092190,61.2042984344,-146.9745909942,714.31650
CBIA ,24AUG12 ,2024.6133,60534,2327,1,-147.0,1365,0.977581,6788258,0.682073,714,0.320498,0.0000,0.001045,0.001495,0.004894,-0.095166,0.115149,-0.141838,61.2042983913,-146.9745910140,714.32050
CBIA ,24AUG13 ,2024.6160,60535,2327,2,-147.0,1365,0.978752,6788258,0.683470,714,0.314913,0.0000,0.000650,0.000965,0.003118,-0.101832,0.176275,-0.094248,61.2042984038,-146.9745909922,714.31491
CBIA ,24AUG14 ,2024.6188,60536,2327,3,-147.0,1365,0.981240,6788258,0.680602,714,0.316705,0.0000,0.000644,0.000951,0.003020,-0.122525,0.168588,-0.073038,61.2042983780,-146.9745909460,714.31670
CBIA ,24AUG15 ,2024.6215,60537,2327,4,-147.0,1365,0.978427,6788258,0.686247,714,0.314049,0.0000,0.000651,0.000959,0.003106,-0.120535,0.177772,-0.041229,61.2042984287,-146.9745909982,714.31405
CBIA ,24AUG16 ,2024.6242,60538,2327,5,-147.0,1365,0.979370,6788258,0.686771,714,0.317076,0.0000,0.000669,0.000986,0.003297,-0.117153,0.181496,-0.085161,61.2042984334,-146.9745909807,714.31708
CBIA ,24AUG17 ,2024.6270,60539,2327,6,-147.0,1365,0.979185,6788258,0.690981,714,0.311963,0.0000,0.000659,0.000984,0.003102,-0.117272,0.173292,-0.090316,61.2042984712,-146.9745909841,714.31196
CBIA ,24AUG18 ,2024.6297,60540,2328,0,-147.0,1365,0.980220,6788258,0.685877,714,0.317526,0.0000,0.000661,0.000988,0.003196,-0.092018,0.201183,-0.063055,61.2042984254,-146.9745909649,714.31753
CBIA ,24AUG19 ,2024.6324,60541,2328,1,-147.0,1365,0.977456,6788258,0.685571,714,0.320452,0.0000,0.000654,0.000977,0.003170,-0.109133,0.152499,-0.125982,61.2042984226,-146.9745910163,714.32045
CBIA ,24AUG20 ,2024.6352,60542,2328,2,-147.0,1365,0.978207,6788258,0.684193,714,0.317737,0.0000,0.000641,0.000985,0.003150,-0.110569,0.157801,-0.132049,61.2042984103,-146.9745910023,714.31774
CBIA ,24AUG21 ,2024.6379,60543,2328,3,-147.0,1365,0.975250,6788258,0.683281,714,0.311891,0.0000,0.000639,0.000954,0.003028,-0.113824,0.165129,-0.083969,61.2042984021,-146.9745910574,714.31189
CBIA ,24AUG22 ,2024.6407,60544,2328,4,-147.0,1365,0.975920,6788258,0.686552,714,0.314375,0.0000,0.000649,0.000958,0.003082,-0.125189,0.196344,-0.087032,61.2042984314,-146.9745910449,714.31437
CBIA ,24AUG23 ,2024.6434,60545,2328,5,-147.0,1365,0.976555,6788258,0.684227,714,0.315707,0.0000,0.000646,0.000955,0.003096,-0.102051,0.183248,-0.087877,61.2042984106,-146.9745910331,714.31571
CBIA ,24AUG24 ,2024.6461,60546,2328,6,-147.0,1365,0.976160,6788258,0.686575,714,0.321515,0.0000,0.000649,0.000977,0.003122,-0.084342,0.154712,-0.100725,61.2042984317,-146.9745910404,714.32151