Date,P_in,P2_in,T_Max_degF,T_Min_F,Snow_Depth_in,WindDir,WindSpeMax,WindSpeAvg,Pressure,Srad,DailyP1_in,DailyP2_in,DailySnow_in
1/1/2023,27.4,11.61,3.4,-2.8,40,152,14.4,0.1,952,0.95,0,0,0
1/2/2023,28.4,13.42,3.9,0.6,40,182,14.2,1.6,950,2.32,1,1.81,0
1/3/2023,28.7,13.69,1.7,0.6,39,183,4.3,0.5,966,4,0.3,0.27,0
1/4/2023,28.8,13.72,2.8,-3.3,39,183,9,0.8,967,5.82,0.1,0.03,0
1/5/2023,29,13.72,2.8,-1.7,40,190,8.9,0.4,972,2.14,0.2,0,1
1/6/2023,29.1,13.72,-1.1,-9.4,38,0,0,0,968,0.73,0.1,0,0
1/7/2023,29.2,13.72,-7.8,-12.8,40,0,0,0,973,1.07,0.1,0,2
1/8/2023,29.3,13.73,0.6,-12.8,39,170,17.8,2.2,967,1.43,0.1,0.01,0
1/9/2023,29.5,13.73,0,-5,42,167,13.8,0.6,972,2.13,0.2,0,3
1/10/2023,29.5,13.73,-4.4,-10,41,182,4.2,0.2,971,0.9,0,0,0
1/11/2023,29.5,13.73,-2.2,-5.5,37,183,3.3,0.8,969,1.67,0,0,0
1/12/2023,29.8,13.73,-1.1,-4.4,42,184,2.5,0.2,976,1.26,0.3,0,5
1/13/2023,29.9,13.73,-2.2,-7.8,43,179,2.2,0,971,1.43,0.1,0,1
1/14/2023,30,13.73,-5.5,-10,42,178,2.3,0,976,0.97,0.1,0,0
1/15/2023,30,13.73,-3.9,-10,42,180,3,0,973,0.87,0,0,0
1/16/2023,30.2,13.73,-1.7,-3.9,44,0,0,0,964,0.75,0.2,0,2
1/17/2023,30.3,13.73,-1.1,-3.3,42,173,0.4,0,958,0.89,0.1,0,0
1/18/2023,30.3,13.73,-1.1,-8.3,45,185,3.9,0.2,957,0.64,0,0,3
1/19/2023,30.4,13.73,-1.1,-9.4,45,180,6.1,0.9,965,1.08,0.1,0,0
1/20/2023,30.4,13.73,1.1,-3.3,45,161,8.2,0.5,967,3.66,0,0,0
1/21/2023,31.2,13.81,5.6,-1.7,51,175,12.6,0.9,958,0.97,0.8,0.08,6
1/22/2023,31.2,13.81,5,0.6,49,183,9.2,0.6,984,18.55,0,0,0
1/23/2023,31.3,13.82,0.6,-2.8,46,185,2.1,0,966,2.29,0.1,0.01,0
1/24/2023,32,13.82,0,-2.2,56,0,0,0,976,0.79,0.7,0,10
1/25/2023,32.5,14.28,1.7,0,53,178,8.1,0.7,979,1.25,0.5,0.46,0
1/26/2023,33.8,15.91,2.2,0,51,182,4.3,0.3,1000,3.07,1.3,1.63,0
1/27/2023,34,16.34,2.2,0,49,182,4.2,0.7,1014,14.06,0.2,0.43,0
1/28/2023,34,16.34,0.6,-4.4,48,187,5,1.5,1017,7.09,0,0,0
1/29/2023,34,16.34,1.7,-3.3,47,184,4.3,1,1019,18.2,0,0,0
1/30/2023,34.1,16.34,1.1,-1.7,45,187,2.1,0.2,1006,9.33,0.1,0,0
1/31/2023,34.3,16.35,1.1,-2.2,45,181,2.9,0.2,991,4.17,0.2,0.01,0
2/1/2023,34.3,16.35,-1.7,-5.5,45,184,5.8,1.8,986,1.54,0,0,0
2/2/2023,34.3,16.35,-1.7,-5.5,45,186,7,1.1,979,4.4,0,0,0
2/3/2023,34.6,16.35,-1.1,-3.9,48,178,1.8,0,977,1.99,0.3,0,3
2/4/2023,34.6,16.35,0,-3.9,48,0,0,0,980,2.44,0,0,0
2/5/2023,34.9,16.35,-2.2,-3.9,53,0,0,0,973,1.88,0.3,0,5
2/6/2023,35,16.35,-1.1,-8.9,53,0,0,0,959,1.22,0.1,0,0
2/7/2023,35.8,16.35,0.6,-2.8,61,162,0.6,0,975,1.1,0.8,0,8
2/8/2023,36.4,16.35,0.6,-2.8,65,168,1.9,0,983,5.86,0.6,0,4
2/9/2023,36.6,16.35,-1.1,-5,66,0,0,0,986,4.55,0.2,0,1
2/10/2023,36.7,16.35,-1.1,-12.2,62,182,6,0.6,980,4.56,0.1,0,0
2/11/2023,36.8,16.35,-5.5,-12.2,63,177,4.9,0.9,971,3.63,0.1,0,1
2/12/2023,37.2,16.35,-1.7,-5.5,67,176,1.1,0,970,1.65,0.4,0,4
2/13/2023,37.4,16.35,0,-6.1,65,190,0.1,0,969,3.46,0.2,0,0
2/14/2023,37.5,16.35,0,-5,63,161,12.9,0.9,992,4.3,0.1,0,0
2/15/2023,38,16.35,-3.3,-5,69,140,1.7,0,983,2.39,0.5,0,6
2/16/2023,38.1,16.35,-2.8,-9.4,66,178,5.3,1,984,2.04,0.1,0,0
2/17/2023,38.4,16.35,-3.3,-10.6,68,178,5.1,0.8,988,3.14,0.3,0,2
2/18/2023,38.4,16.35,0,-5.5,66,176,2.8,0.3,988,4.02,0,0,0
2/19/2023,38.9,16.35,-1.7,-5,74,181,3.9,0.3,983,2.12,0.5,0,8
2/20/2023,38.9,16.35,0,-8.3,70,175,9.2,0.4,993,2.29,0,0,0
2/21/2023,38.9,16.35,0.6,-5,69,183,18.7,1.6,1008,2.83,0,0,0
2/22/2023,38.9,16.35,0,-9.4,67,187,6.2,1.5,1012,7.2,0,0,0
2/23/2023,38.9,16.35,-5.5,-12.2,65,185,5.6,1.8,1008,9.69,0,0,0
2/24/2023,39.1,16.35,-3.3,-6.7,66,184,3.1,0.2,995,7.2,0.2,0,1
2/25/2023,39.3,16.35,0.6,-6.7,64,184,5,0.5,980,9.74,0.2,0,0
2/26/2023,39.2,16.35,-1.1,-5.5,64,195,9.4,1,974,10.29,0,0,0
2/27/2023,39.2,16.35,-3.9,-8.9,63,266,9.9,1,980,22.96,0,0,0
2/28/2023,39.3,16.35,-6.7,-10,63,182,20,2.8,986,36.13,0.1,0,0
3/1/2023,39.4,16.35,-8.9,-13.3,62,169,7.6,0.4,970,15.81,0.1,0,0
3/2/2023,39.4,16.35,0.6,-10.6,60,181,21.9,2,950,22.05,0,0,0
3/3/2023,39.4,16.35,-1.1,-3.3,61,202,15.1,2.7,973,54.28,0,0,1
3/4/2023,39.4,16.35,-3.3,-7.2,60,193,18,2.9,996,71.04,0,0,0
3/5/2023,39.4,16.35,-1.7,-8.3,59,165,17.5,3.2,1005,47.97,0,0,0
3/6/2023,39.4,16.35,-1.1,-9.4,58,181,16.4,1.8,1005,58.53,0,0,0
3/7/2023,39.4,16.35,-1.7,-9.4,58,187,5.9,1.8,1002,57.8,0,0,0
3/8/2023,39.4,16.35,9.5,-7.2,58,188,7.2,1.5,1001,67.24,0,0,0
3/9/2023,39.4,16.37,2.2,-3.3,56,189,5.4,0.8,1001,48.52,0,0.02,0
3/10/2023,39.5,16.45,7.8,-4.4,57,310,9.7,0.8,997,61.61,0.1,0.08,1
3/11/2023,39.6,16.45,1.7,-2.2,57,347,12.1,1.9,1000,61.51,0.1,0,0
3/12/2023,39.6,16.45,2.8,-1.7,57,173,17,3.2,997,83.1,0,0,0
3/13/2023,39.6,16.45,0,-10,56,184,15.3,1.8,979,97.8,0,0,0
3/14/2023,39.6,16.45,-2.8,-7.2,56,195,13.6,2,975,95.1,0,0,0
3/15/2023,39.6,16.45,-5.5,-9.4,55,161,12.8,1.4,971,70.78,0,0,0
3/16/2023,39.6,16.45,-1.7,-8.3,55,143,13.2,1.7,976,88,0,0,0
3/17/2023,39.6,16.49,-1.1,-9.4,54,187,5.6,0.9,977,46.19,0,0.04,0
3/18/2023,40.6,16.49,0.6,-3.3,65,186,14.8,1.3,988,5.49,1,0,11
3/19/2023,40.7,16.83,3.4,-4.4,64,163,9.3,1.1,979,7.06,0.1,0.34,0
3/20/2023,41,17.02,2.8,-6.1,62,191,6.7,0.7,988,24.87,0.3,0.19,0
3/21/2023,41,17.09,2.8,-6.7,60,189,4.8,0.9,984,51.27,0,0.07,0
3/22/2023,40.9,17.1,1.7,-4.4,84,184,6.6,0.7,975,56.99,0,0.01,24
3/23/2023,41.4,17.12,2.2,-2.8,0,179,9.8,0.5,973,41.74,0.5,0.02,0
3/24/2023,41.4,17.35,-99.9,-99.9,67,-99.9,-99.9,-99.9,996,-99.9,0,0.23,67
3/25/2023,41.4,17.45,3.9,-4.4,65,189,5,1,1047,112.4,0,0.1,0
3/26/2023,41.4,17.49,1.7,-3.9,64,194,11.3,1,1015,165.9,0,0.04,0
3/27/2023,41.4,17.6,2.8,-7.2,64,168,12.2,2,1018,163.7,0,0.11,0
3/28/2023,41.4,17.65,3.4,-9.4,63,188,5.5,1.7,1013,178.1,0,0.05,0
3/29/2023,41.4,17.65,3.9,-6.1,62,191,6.5,1.2,1004,190.8,0,0,0
3/30/2023,41.4,17.65,2.8,-5.5,62,192,5.2,0.9,989,117,0,0,0
3/31/2023,41.4,17.76,1.7,-3.9,63,182,5.2,0.5,976,105.3,0,0.11,1
4/1/2023,41.4,17.76,5,-4.4,62,179,11.9,1.7,978,167.8,0,0,0
4/2/2023,41.4,17.76,3.9,-3.9,61,182,15.8,2.3,995,195.8,0,0,0
4/3/2023,41.4,17.76,6.1,-6.1,60,190,8.3,1.5,1000,231,0,0,0
4/4/2023,41.4,17.76,3.4,-4.4,59,183,10.2,1.5,997,169.9,0,0,0
4/5/2023,41.5,17.76,2.8,-2.8,62,189,3,0.4,987,122.8,0.1,0,3
4/6/2023,41.5,17.89,6.1,-2.2,60,200,9.7,0.4,976,208.9,0,0.13,0
4/7/2023,41.6,18.03,3.4,-3.3,59,200,4.9,0.5,972,93.8,0.1,0.14,0
4/8/2023,41.6,18.03,5,-6.1,59,191,4,0.9,976,170.1,0,0,0
4/9/2023,41.6,18.03,3.4,-5.5,58,187,3.9,1.2,965,224.2,0,0,0
4/10/2023,41.8,18.22,5.6,-2.2,59,188,10.6,1.1,970,122.9,0.2,0.19,1
4/11/2023,41.8,18.23,3.9,-3.9,58,201,9.7,1.1,994,159.4,0,0.01,0
4/12/2023,41.9,18.29,1.1,-5,61,210,4.8,0.6,994,121.6,0.1,0.06,3
4/13/2023,42.2,18.54,1.7,-2.8,62,218,4.1,0.4,987,65.58,0.3,0.25,1
4/14/2023,42.2,18.67,4.5,-3.9,60,184,6.5,1.1,984,174.1,0,0.13,0
4/15/2023,42.4,18.81,2.8,-3.3,63,171,8.4,0.6,983,31.79,0.2,0.14,3
4/16/2023,42.4,19.06,7.8,-3.9,61,192,4.7,1.1,984,180.6,0,0.25,0
4/17/2023,42.4,19.06,7.8,-1.7,60,187,4.8,1.4,986,218.9,0,0,0
4/18/2023,42.4,19.06,9.5,1.1,58,177,12.1,1.4,987,268.5,0,0,0
4/19/2023,42.4,19.06,9.5,0.6,57,175,12.5,2.2,993,276.9,0,0,0
4/20/2023,42.4,19.06,8.9,-2.2,56,188,10.8,1.3,1005,276.2,0,0,0
4/21/2023,42.4,19.06,9.5,0,54,189,5.4,1.4,1006,289.7,0,0,0
4/22/2023,42.4,19.06,11.7,1.7,52,190,5.3,1.5,999,295.3,0,0,0
4/23/2023,42.4,19.06,8.4,1.1,52,186,7.4,1.2,985,211.1,0,0,0
4/24/2023,42.5,19.07,6.1,1.1,50,168,15.9,2.7,980,238.4,0.1,0.01,0
4/25/2023,42.5,19.07,7.8,1.7,50,163,15.4,1.7,991,204.8,0,0,0
4/26/2023,42.6,19.17,3.9,-1.1,50,189,3.6,0.4,987,116.6,0.1,0.1,0
4/27/2023,42.7,19.3,5.6,-1.7,49,197,8.3,0.6,984,150.3,0.1,0.13,0
4/28/2023,42.8,19.42,8.4,0,48,199,5.5,0.7,995,179.3,0.1,0.12,0
4/29/2023,43.4,20.09,2.2,0,48,187,3.3,0.3,996,85,0.6,0.67,0
4/30/2023,43.9,20.59,3.4,-1.1,48,183,5.1,0.5,990,72.4,0.5,0.5,0
5/1/2023,43.9,20.78,8.9,0.6,46,194,4,0.6,993,213.7,0,0.19,0
5/2/2023,44.4,21.3,2.8,0,46,195,4,0.5,990,94.2,0.5,0.52,0
5/3/2023,44.4,21.34,6.7,-3.3,45,196,4.6,0.5,987,250.9,0,0.04,0
5/4/2023,44.7,21.65,2.8,0.6,45,203,5,0.6,994,88.5,0.3,0.31,0
5/5/2023,44.7,21.66,9.5,0.6,43,195,4.2,0.8,997,248.5,0,0.01,0
5/6/2023,44.7,21.66,10,-1.1,42,193,6,1.1,993,271.4,0,0,0
5/7/2023,44.7,21.66,8.4,0,41,192,3.9,1.1,998,212,0,0,0
5/8/2023,44.7,21.67,6.7,0,40,186,3.7,1.2,997,198.4,0,0.01,0
5/9/2023,44.8,21.79,6.7,0.6,39,199,7.8,1.2,998,192.8,0.1,0.12,0
5/10/2023,45,22.02,3.9,0.6,38,179,3.5,1,995,140.1,0.2,0.23,0
5/11/2023,45,22.04,6.7,1.7,37,186,4.3,1.3,992,154.1,0,0.02,0
5/12/2023,45,22.07,10.6,2.8,34,189,6,1.5,993,222.1,0,0.03,0
5/13/2023,45,22.09,10,2.8,33,193,4.7,1.5,999,265.8,0,0.02,0
5/14/2023,45,22.13,11.7,2.8,31,196,4.8,1.5,1011,274.6,0,0.04,0
5/15/2023,45.1,22.3,8.4,2.8,29,193,5.4,1.4,1011,166.4,0.1,0.17,0
5/16/2023,45.1,22.31,12.2,2.8,27,192,5.3,1.5,1008,342.8,0,0.01,0
5/17/2023,45.3,22.54,6.1,2.8,26,185,4.7,1.7,1007,108.3,0.2,0.23,0
5/18/2023,45.3,45.3,12.8,1.7,23,209,5.8,1.6,999,377.4,0,22.76,0
5/19/2023,45.3,45.3,16.7,2.8,20,188,7.8,2.3,991,362.6,0,0,0
5/20/2023,45.4,45.34,10,3.9,19,190,6.1,2.1,1002,89.7,0.1,0.04,0
5/21/2023,45.5,45.43,10,3.4,17,199,7.9,1.5,1006,144.3,0.1,0.09,0
5/22/2023,45.5,45.43,10.6,3.4,15,216,8.9,1.5,1010,226,0,0,0
5/23/2023,45.5,45.43,10,2.8,12,206,6,1.5,1008,227.7,0,0,0
5/24/2023,45.6,45.57,10,2.2,9,211,3.9,1.2,1000,234.4,0.1,0.14,0
5/25/2023,45.8,45.8,7.8,2.8,8,188,3.5,1.1,999,114.9,0.2,0.23,0
5/26/2023,46.1,46.15,8.4,3.4,7,188,4.9,1.4,983,101.8,0.3,0.35,0
5/27/2023,46.5,46.42,8.4,2.2,6,201,9.4,1.3,991,94.2,0.4,0.27,0
5/28/2023,46.6,46.55,6.7,2.2,4,188,3.5,1,979,112.4,0.1,0.13,0
5/29/2023,46.6,46.58,10,2.8,3,198,5.5,1.1,984,157.5,0,0.03,0
5/30/2023,46.6,46.64,8.4,2.8,1,231,7.8,1.2,991,157.2,0,0.06,0
5/31/2023,46.7,46.78,6.7,2.2,0,234,5.1,1,992,151.9,0.1,0.14,0
6/1/2023,46.7,46.98,7.8,2.8,0,209,5.2,0.7,996,121.2,0,0.2,0
6/2/2023,46.7,47.05,7.8,2.8,0,217,4.9,0.9,998,121.8,0,0.07,0
6/3/2023,46.7,47.09,9.5,2.8,0,198,6.5,1.2,1001,154.7,0,0.04,0
6/4/2023,46.7,47.09,12.8,3.9,0,234,7.8,1.6,1005,274,0,0,0
6/5/2023,46.7,47.09,15,4.5,0,239,7.4,1.8,1003,380.8,0,0,0
6/6/2023,46.7,47.09,15.6,3.9,0,259,11,2,1001,403.3,0,0,0
6/7/2023,46.8,47.09,11.1,5.6,0,225,4.4,1.1,997,143.6,0.1,0,0
6/8/2023,46.9,47.28,11.1,4.5,0,212,6.4,1.3,991,156.5,0.1,0.19,0
6/9/2023,47.3,47.72,10.6,5,0,192,5.3,1.1,994,112,0.4,0.44,0
6/10/2023,47.4,47.85,11.1,5,0,226,7.6,1.2,997,164,0.1,0.13,0
6/11/2023,47.5,47.99,10,4.5,0,226,6.6,1.1,1001,160,0.1,0.14,0
6/12/2023,48.2,48.6,7.8,4.5,0,196,4.4,0.8,994,92.3,0.7,0.61,0
6/13/2023,48.6,49.12,7.8,3.4,0,249,5.3,0.6,1003,127.4,0.4,0.52,0
6/14/2023,48.7,49.29,11.7,2.8,0,274,7.3,1,1004,219.1,0.1,0.17,0
6/15/2023,48.7,49.29,12.8,3.9,0,260,6.2,1,997,235.8,0,0,0
6/16/2023,48.7,49.31,11.1,3.9,0,224,3.3,0.8,977,168.4,0,0.02,0
6/17/2023,48.7,49.45,15,4.5,0,282,8.9,1,989,246.8,0,0.14,0
6/18/2023,48.7,49.45,15.6,5.6,0,249,6.3,1.2,1002,207.1,0,0,0
6/19/2023,48.7,49.45,23.9,5.6,0,214,6.3,1.5,1002,406.2,0,0,0
6/20/2023,48.7,49.45,21.7,8.9,0,222,9.9,1.8,1001,364.6,0,0,0
6/21/2023,48.8,49.67,14.5,9.5,0,214,3.9,0.7,1001,119.6,0.1,0.22,0
6/22/2023,49.1,50.03,13.4,8.9,0,241,3.3,0.5,1000,113,0.3,0.36,0
6/23/2023,49.7,50.6,11.7,8.9,0,278,3.3,0.4,999,97.3,0.6,0.57,0
6/24/2023,49.6,50.66,16.7,9.5,0,13,4.3,0.5,994,231.1,0,0.06,0
6/25/2023,49.8,50.95,15,10,0,285,4.2,0.5,994,156,0.2,0.29,0
6/26/2023,50.6,51.6,12.2,8.9,0,326,4.2,0.3,998,96.9,0.8,0.65,0
6/27/2023,50.9,51.89,12.2,8.4,0,353,3.9,0.3,995,144.3,0.3,0.29,0
6/28/2023,50.8,51.94,12.8,8.4,0,27,3.5,0.3,988,154.4,0,0.05,0
6/29/2023,51,52.21,13.4,8.9,0,267,3.4,0.4,987,132.9,0.2,0.27,0
6/30/2023,51.3,52.49,12.8,8.9,0,342,4.4,0.3,996,138.3,0.3,0.28,0
7/1/2023,51.3,52.5,13.4,7.8,0,321,4.2,0.4,1000,192.1,0,0.01,0
7/2/2023,51.3,52.51,13.4,8.9,0,324,3.2,0.4,1006,142.3,0,0.01,0
7/3/2023,51.3,52.52,16.1,9.5,0,354,7,0.6,1006,232.7,0,0.01,0
7/4/2023,51.7,53.09,12.8,9.5,0,314,5,0.4,1003,113.3,0.4,0.57,0
7/5/2023,52,53.23,11.1,8.9,0,326,6.3,0.4,1009,138.8,0.3,0.14,0
7/6/2023,52,53.23,16.1,6.7,0,326,8.9,0.8,1008,282.7,0,0,0
7/7/2023,52.1,53.56,12.2,9.5,0,288,3.6,0.3,1001,92.6,0.1,0.33,0
7/8/2023,52.2,53.66,15,8.9,0,22,6.2,0.5,998,159,0.1,0.1,0
7/9/2023,52.2,53.69,15,7.8,0,352,9,0.8,999,313.6,0,0.03,0
7/10/2023,52.2,53.7,15.6,9.5,0,344,10.7,1,998,337.7,0,0.01,0
7/11/2023,52.4,53.71,12.2,9.5,0,350,6.8,0.5,999,133.4,0.2,0.01,0
7/12/2023,52.4,53.71,13.4,9.5,0,4,4.3,0.4,1001,170.9,0,0,0
7/13/2023,52.4,53.72,14.5,10.6,0,347,2.6,0.2,1002,115.3,0,0.01,0
7/14/2023,52.4,53.72,15,10.6,0,353,4,0.3,1004,132.5,0,0,0
7/15/2023,52.4,53.72,15,10.6,0,344,3.2,0.3,1002,117.1,0,0,0
7/16/2023,52.7,53.73,12.2,10.6,0,330,2.7,0.1,997,68.14,0.3,0.01,0
7/17/2023,53.7,53.74,11.7,10.6,0,342,1.8,0,994,68.24,1,0.01,0
7/18/2023,53.9,53.76,16.7,10,0,6,6,0.2,998,147.7,0.2,0.02,0
7/19/2023,54.2,53.77,16.7,10.6,0,25,2.8,0.2,1000,170.2,0.3,0.01,0
7/20/2023,55.7,53.78,15,11.1,0,336,4.7,0.2,1007,111.3,1.5,0.01,0
7/21/2023,55.7,53.79,18.9,9.5,0,351,4.8,0.8,1000,371.2,0,0.01,0
7/22/2023,55.7,53.79,22.8,11.7,0,162,3.9,0.8,999,264,0,0,0
7/23/2023,55.7,53.8,21.1,12.2,0,102,3.8,0.8,993,324.4,0,0.01,0
7/24/2023,55.7,53.8,19.5,11.1,0,300,5.8,0.9,996,254.2,0,0,0
7/25/2023,55.7,53.81,15,11.7,0,7,2.6,0.1,996,61.36,0,0.01,0
7/26/2023,55.7,53.81,16.1,11.7,0,6,2.7,0.2,1000,118.3,0,0,0
7/27/2023,55.7,53.81,16.1,11.7,0,17,3.3,0.3,1006,151.7,0,0,0
7/28/2023,55.7,53.81,16.7,11.7,0,345,4,0.4,1006,148.5,0,0,0
7/29/2023,55.7,53.82,18.4,11.7,0,351,4.5,0.4,1002,222.9,0,0.01,0
7/30/2023,55.7,53.82,16.7,11.7,0,7,3,0.3,999,166.9,0,0,0
7/31/2023,55.7,53.82,20,11.7,0,354,4.1,0.6,1000,315.3,0,0,0
8/1/2023,55.7,53.82,18.4,12.2,0,2,3.4,0.4,1000,158,0,0,0
8/2/2023,55.7,53.83,18.9,12.2,0,350,3.7,0.5,1002,215.9,0,0.01,0
8/3/2023,55.7,53.83,16.7,12.2,0,356,4.3,0.2,1002,119.8,0,0,0
8/4/2023,55.7,53.83,18.9,12.8,0,16,3.8,0.4,1004,231.9,0,0,0
8/5/2023,55.7,53.83,16.7,12.2,0,348,4.1,0.2,1005,132.3,0,0,0
8/6/2023,55.7,53.84,19.5,11.7,0,358,3.4,0.4,999,206,0,0.01,0
8/7/2023,56.4,53.84,15,11.7,0,316,2.9,0.2,995,74.7,0.7,0,0
8/8/2023,56.4,53.84,17.3,11.1,0,318,4.4,0.3,989,159.6,0,0,0
8/9/2023,56.5,53.84,17.3,11.1,0,20,4.8,0.3,987,129.3,0.1,0,0
8/10/2023,56.9,53.85,12.8,11.1,0,338,2.8,0.1,986,92.9,0.4,0.01,0
8/11/2023,57,53.85,15,10.6,0,202,2.4,0.2,989,103.7,0.1,0,0
8/12/2023,57.3,53.85,16.1,10,0,175,2.9,0.4,988,143.3,0.3,0,0
8/13/2023,58,53.85,13.4,9.5,0,220,8.8,0.4,982,60.53,0.7,0,0
8/14/2023,59.2,53.85,11.1,9.5,0,322,9.8,0.3,1000,49.75,1.2,0,0
8/15/2023,59.2,53.86,14.5,9.5,0,325,4.3,0.3,989,144.3,0,0.01,0
8/16/2023,59.8,53.86,12.2,8.4,0,184,3.7,0.3,988,76.96,0.6,0,0
8/17/2023,60.5,53.86,11.1,8.9,0,309,3.6,0.3,996,87.1,0.7,0,0
8/18/2023,60.5,53.87,17.8,7.8,0,163,3.9,0.8,999,266,0,0.01,0
8/19/2023,60.5,53.87,16.7,8.4,0,126,4.4,0.9,1002,212.6,0,0,0
8/20/2023,60.6,53.87,15,8.9,0,95,3.6,0.4,1004,116.5,0.1,0,0
8/21/2023,60.6,53.87,17.3,8.4,0,186,4.3,0.9,1003,203.3,0,0,0
8/22/2023,60.6,53.88,17.3,8.9,0,173,5.3,0.9,1000,254,0,0.01,0
8/23/2023,60.6,53.88,17.3,10,0,294,5.5,0.7,999,258.7,0,0,0
8/24/2023,60.6,53.88,15,8.9,0,341,4.2,0.4,1003,105.1,0,0,0
8/25/2023,62.2,53.88,12.8,11.1,0,320,3.6,0.1,1000,56.51,1.6,0,0
8/26/2023,63.2,53.89,12.2,10.6,0,312,4.2,0.1,1000,57.03,1,0.01,0
8/27/2023,65.7,53.89,12.2,10.6,0,242,5.7,0.3,998,30.3,2.5,0,0
8/28/2023,66.4,53.9,12.8,11.1,0,247,3.6,0.2,999,34.13,0.7,0.01,0
8/29/2023,67.6,53.9,12.8,11.1,0,322,7.2,0.1,994,44.72,1.2,0,0
8/30/2023,69.3,53.91,14.5,11.1,0,294,4.9,0.2,990,49.03,1.7,0.01,0
8/31/2023,69.8,53.91,12.2,8.9,0,259,3.9,0.2,995,62.38,0.5,0,0
9/1/2023,71.3,53.91,10.6,8.4,0,301,7.2,0.2,984,26.59,1.5,0,0
9/2/2023,72,53.92,11.7,8.9,0,189,2.8,0.2,992,33.39,0.7,0.01,0
9/3/2023,72.1,53.92,15.6,6.7,0,195,4.2,0.6,997,109.3,0.1,0,0
9/4/2023,72.4,53.93,8.9,6.7,0,193,3.2,0.3,991,42.76,0.3,0.01,0
9/5/2023,72.5,53.93,15.6,7.8,0,203,3.7,0.5,997,187.1,0.1,0,0
9/6/2023,72.5,54.01,12.2,6.1,0,177,3.5,0.8,993,120,0,0.08,0
9/7/2023,73.8,54.13,10,6.1,0,219,6.3,0.3,986,34.56,1.3,0.12,0
9/8/2023,74.1,54.2,8.9,5,0,189,2.6,0.3,991,58.38,0.3,0.07,0
9/9/2023,74.8,54.25,10,6.1,0,176,13.7,0.7,986,50.69,0.7,0.05,0
9/10/2023,75.7,54.27,10.6,6.7,0,205,7.8,0.5,991,59.61,0.9,0.02,0
9/11/2023,76.6,54.29,7.8,5.6,0,202,8.2,0.3,980,26.37,0.9,0.02,0
9/12/2023,77.7,54.3,8.4,5.6,0,207,4.7,0.2,986,52.44,1.1,0.01,0
9/13/2023,77.7,54.31,8.9,5,0,199,3.3,0.3,990,65.78,0,0.01,0
9/14/2023,77.9,54.32,8.4,6.1,0,218,2.9,0.2,981,49.03,0.2,0.01,0
9/15/2023,78.4,54.32,8.4,5.6,0,230,6.6,0.4,983,60.62,0.5,0,0
9/16/2023,78.9,54.33,6.7,4.5,0,216,2.7,0.2,981,40.24,0.5,0.01,0
9/17/2023,79.5,54.33,8.9,5.6,0,180,7.2,0.4,966,29.4,0.6,0,0
9/18/2023,79.3,54.33,16.1,6.1,0,186,6.4,1,975,134.8,0,0,0
9/19/2023,79.6,54.34,11.1,6.1,0,188,4.9,0.7,989,51.46,0.3,0.01,0
9/20/2023,79.6,54.35,12.2,3.9,0,181,4.1,0.9,996,107,0,0.01,0
9/21/2023,80.1,54.36,-99.9,-99.9,0,-99.9,-99.9,-99.9,985,-99.9,0.5,0.01,0
9/22/2023,80.2,54.41,10.6,3.4,0,195,4.5,0.7,986,89.3,0.1,0.05,0
9/23/2023,80.2,54.7,11.1,2.8,0,185,3.2,0.9,986,109.3,0,0.29,0
9/24/2023,80.2,54.7,9.5,3.9,0,190,4.6,0.9,988,86.2,0,0,0
9/25/2023,80.2,54.7,10,3.4,0,182,5.8,1,988,95.9,0,0,0
9/26/2023,80.2,54.7,12.8,4.5,0,177,8.3,1.6,980,107,0,0,0
9/27/2023,80.2,54.7,13.9,3.9,0,175,6.1,1,981,100,0,0,0
9/28/2023,80.2,54.7,12.8,8.4,0,166,11.4,1.7,991,71.48,0,0,0
9/29/2023,80.2,54.7,10.6,5.6,0,190,8.9,1,998,64.29,0,0,0
9/30/2023,80.4,54.95,6.7,5,0,187,3.9,0.4,1000,42.6,0.2,0.25,0
9/30/2023,80.7,55.2,-99.9,-99.9,0,-99.9,-99.9,-99.9,-99.9,-99.9,0.3,0.25,0
10/1/2023,0,0,6.1,3.4,0,183,2.6,0.3,981,26.29,0,0,0
10/2/2023,0.3,0.34,7.2,4.5,0,223,3,0.1,981,41.08,0.3,0.34,0
10/3/2023,2,1.89,6.7,2.8,0,178,11.4,0.5,987,23.02,1.7,1.55,0
10/4/2023,2.1,1.89,8.9,2.2,0,164,11.2,1.6,1004,63.87,0.1,0,0
10/5/2023,2.1,1.89,7.2,2.8,0,166,13,1.5,1001,66.25,0,0,0
10/6/2023,2.4,2.39,5,1.7,0,203,4.9,0.3,989,17.76,0.3,0.5,0
10/7/2023,3,3,6.7,5,6,180,2.2,0.3,985,20.02,0.6,0.61,6
10/8/2023,3.3,3.34,8.4,5,0,184,5.5,0.3,965,27.68,0.3,0.34,0
10/9/2023,3.6,3.64,7.2,4.5,0,190,6.1,0.5,971,28.27,0.3,0.3,0
10/10/2023,3.6,3.7,11.1,2.2,0,173,7.6,0.9,967,50.33,0,0.06,0
10/11/2023,4.1,4.06,6.1,3.4,0,192,4.1,0.3,983,36.77,0.5,0.36,0
10/12/2023,4.2,4.15,5.6,2.2,0,182,2.8,0.4,988,36.02,0.1,0.09,0
10/13/2023,4.4,4.5,6.7,2.2,0,175,8.3,0.7,974,33.07,0.2,0.35,0
10/14/2023,5,5.13,6.1,2.2,0,190,3.7,0.1,975,42.15,0.6,0.63,0
10/15/2023,5.8,5.91,6.7,3.9,0,184,5.2,0.3,992,14.76,0.8,0.78,0
10/16/2023,6,6.02,6.1,2.8,0,177,3,0.5,992,34.9,0.2,0.11,0
10/17/2023,6.4,6.02,8.4,3.4,0,190,4.3,0.8,976,47.78,0.4,0,0
10/18/2023,6.7,6.18,5.6,3.4,0,183,3.1,0.4,972,23.49,0.3,0.16,0
10/19/2023,6.7,6.19,10.6,3.9,0,174,15.3,2,976,32.91,0,0.01,0
10/20/2023,6.9,6.19,6.1,1.1,0,177,9.3,1.2,998,40.36,0.2,0,0
10/21/2023,7,6.19,1.1,-1.1,0,172,16.4,2,1008,18.52,0.1,0,0
10/22/2023,7.1,6.19,3.4,-0.5,0,161,14.4,2.7,1010,17.59,0.1,0,0
10/23/2023,7.2,6.19,2.2,-1.1,0,166,15.8,2.1,1009,16.47,0.1,0,0
10/24/2023,7.2,6.19,5,-2.2,0,172,14.5,1.3,1014,15.71,0,0,0
10/25/2023,7.3,6.19,1.7,-2.8,0,181,4.1,0.7,1011,14.3,0.1,0,0
10/26/2023,7.3,6.19,3.9,-1.1,0,183,5.8,1.1,1013,29.54,0,0,0
10/27/2023,7.3,6.19,4.5,-1.1,0,182,4.5,1.4,1015,20.72,0,0,0
10/28/2023,7.3,6.19,2.8,-1.1,0,182,3.8,1.3,1016,9.84,0,0,0
10/29/2023,7.3,6.19,2.2,-1.7,0,182,3.4,0.7,1012,27.58,0,0,0
10/30/2023,7.4,6.37,2.8,0.6,0,181,2.9,0.2,1004,12.29,0.1,0.18,0
10/31/2023,7.4,6.37,4.5,1.1,0,189,3.8,0.6,1002,14.46,0,0,0
11/1/2023,7.4,6.44,4.5,1.1,0,185,3.5,0.6,999,23.22,0,0.07,0
11/2/2023,7.5,6.45,2.2,-1.1,0,183,3.3,0.5,992,14.56,0.1,0.01,0
11/3/2023,7.5,6.45,2.8,1.1,0,186,3,0.2,985,13.6,0,0,0
11/4/2023,7.7,6.73,2.8,1.7,0,183,2.5,0.2,983,9.64,0.2,0.28,0
11/5/2023,7.8,6.74,2.8,-1.1,1,182,3.6,0.7,971,7.53,0.1,0.01,1
11/6/2023,7.9,6.75,1.1,-1.1,2,184,2.6,0.4,976,14.56,0.1,0.01,1
11/7/2023,8.3,6.75,0,-0.5,6,359,0.1,0,973,1.67,0.4,0,4
11/8/2023,8.5,6.76,2.2,-1.1,7,171,9.3,0.2,973,2.27,0.2,0.01,1
11/9/2023,11.9,10.83,3.9,0.6,6,181,9.6,0.9,956,1.4,3.4,4.07,0
11/10/2023,13.4,11.97,6.1,0,6,163,15.4,0.9,969,6.44,1.5,1.14,0
11/11/2023,13.6,11.97,0.6,-1.1,5,183,2.9,0.4,961,7.15,0.2,0,0
11/12/2023,13.6,12,4.5,-1.7,5,180,11.7,1.9,987,9.12,0,0.03,0
11/13/2023,13.6,12,1.7,-3.3,4,188,4.6,1.1,996,6.59,0,0,0
11/14/2023,14.3,12,0,-2.8,16,182,5,0.2,984,0.73,0.7,0,12
11/15/2023,14.4,12,0.6,-4.4,15,188,7.6,0.9,990,0.91,0.1,0,0
11/16/2023,15.5,12,-2.2,-4.4,21,183,4.2,0.2,968,0.6,1.1,0,6
11/17/2023,16,12,0.6,-2.8,23,256,6.1,0,973,0.47,0.5,0,2
11/18/2023,16.4,12,0,-7.2,24,294,6,0,980,0.74,0.4,0,1
11/19/2023,16.4,12,-4.4,-8.9,22,166,15.1,1.8,994,0.7,0,0,0
11/20/2023,16.4,12,-4.4,-9.4,21,174,15.8,2.7,1004,0.85,0,0,0
11/21/2023,16.4,12,0,-7.2,20,170,24.3,3.9,974,9.1,0,0,0
11/22/2023,16.5,12,1.1,-4.4,20,138,16.1,1.6,990,9.9,0.1,0,0
11/23/2023,17.2,12,0,-4.4,27,129,0.4,0,990,1.47,0.7,0,7
11/24/2023,17.7,13,2.2,0,24,181,3.4,0.8,1001,4.64,0.5,1,0
11/25/2023,18.3,13.79,3.9,1.7,20,184,4.3,1.2,1006,6.78,0.6,0.79,0
11/26/2023,18.8,14.35,3.9,1.1,17,182,5.6,0.9,992,4.61,0.5,0.56,0
11/27/2023,19.4,14.93,2.8,1.1,16,186,3.8,0.8,984,6.22,0.6,0.58,0
11/28/2023,20.5,15.32,1.1,0,18,185,7,0.2,992,1.82,1.1,0.39,2
11/29/2023,20.8,15.32,-99.9,-99.9,21,-99.9,-99.9,-99.9,996,-99.9,0.3,0,3
11/30/2023,21,15.38,2.2,-1.7,19,179,8.5,0.4,975,0.64,0.2,0.06,0
12/1/2023,21.4,15.38,0.6,-4.4,25,169,5.3,0.1,974,0.49,0.4,0,6
12/2/2023,21.5,15.38,-2.8,-7.2,23,0,0,0,971,0.87,0.1,0,0
12/3/2023,21.5,15.38,-4.4,-10,22,0,0,0,969,1.02,0,0,0
12/4/2023,21.5,15.38,-3.3,-10,21,0,0,0,970,1.29,0,0,0
12/5/2023,21.5,15.38,-0.5,-10.6,20,231,8.4,0.2,957,1.01,0,0,0
12/6/2023,21.5,15.38,1.7,-6.1,20,187,9.9,0.9,965,0.46,0,0,0
12/7/2023,21.7,15.38,1.1,-2.8,25,163,18.4,2.7,981,0.29,0.2,0,5
12/8/2023,22.1,15.38,-1.7,-5,32,159,10,0.7,976,0.71,0.4,0,7
12/9/2023,22.5,15.38,-2.2,-10.6,33,166,7.2,0.7,993,1.06,0.4,0,1
12/10/2023,22.6,15.38,-5,-10,31,170,6,0.9,985,1.24,0.1,0,0
12/11/2023,24.2,15.38,-4.4,-11.7,36,161,8.4,0.5,978,0.47,1.6,0,5
12/12/2023,25.2,15.4,0.6,-5,45,0,0,0,964,0.1,1,0.02,9
12/13/2023,26.7,15.4,0,-0.5,53,32,0.6,0,954,0.64,1.5,0,8
12/14/2023,26.9,15.4,-0.5,-5,51,0,0,0,979,0.7,0.2,0,0
12/15/2023,27,15.4,-4.4,-10.6,49,0,0,0,988,1.07,0.1,0,0
12/16/2023,28,15.4,-3.3,-11.1,59,0,0,0,992,0.51,1,0,10
12/17/2023,28.5,15.4,-2.8,-4.4,64,0,0,0,976,0.71,0.5,0,5
12/18/2023,28.5,15.4,0.6,-2.8,61,0,0,0,989,0.59,0,0,0
12/19/2023,29.1,15.4,-0.5,-2.8,68,0,0,0,983,0.33,0.6,0,7
12/20/2023,29.4,15.4,-2.2,-3.3,71,0,0,0,969,0.38,0.3,0,3
12/21/2023,29.7,15.4,-1.1,-2.8,74,0,0,0,968,0.82,0.3,0,3
12/22/2023,29.7,15.4,0,-7.8,70,150,1.8,0,976,1.68,0,0,0
12/23/2023,29.7,15.4,-3.9,-8.9,68,0,0,0,978,0.68,0,0,0
12/24/2023,30.1,15.43,2.2,-4.4,64,187,6.5,0.1,947,0.42,0.4,0.03,0
12/25/2023,30.7,16.83,3.4,0,64,168,11.3,0.5,967,0.29,0.6,1.4,0
12/26/2023,30.8,16.83,0,-4.4,64,0,0,0,964,0.61,0.1,0,0
12/27/2023,31.1,16.83,-3.9,-10.6,67,0,0,0,990,0.41,0.3,0,3
12/28/2023,31.2,16.83,-4.4,-11.1,64,0,0,0,985,0.54,0.1,0,0
12/29/2023,31.3,16.83,-1.7,-8.3,62,0,0,0,989,0.44,0.1,0,0
12/30/2023,31.3,16.83,-3.9,-13.9,60,0,0,0,976,0.48,0,0,0
12/31/2023,31.3,16.83,-9.4,-16.7,59,0,0,0,993,0.5,0,0,0
1/1/2024,31.3,16.83,-2.2,-11.7,58,131,1.3,0,997,0.54,0,0,0
1/2/2024,31.3,16.83,-2.8,-9.4,58,159,4.4,0.9,996,0.82,0,0,0
1/3/2024,31.3,16.83,-3.3,-10.6,58,158,4.2,0.6,989,0.63,0,0,0
1/4/2024,31.3,16.83,-1.1,-4.4,57,126,5.8,0.3,965,0.72,0,0,0
1/5/2024,31.8,16.83,-2.8,-5,62,58,5.3,0,979,0.62,0.5,0,5
1/6/2024,31.8,16.83,-1.1,-5,61,0,0,0,991,0.64,0,0,0
1/7/2024,31.8,16.83,-3.9,-8.3,60,0,0,0,994,0.82,0,0,0
1/8/2024,32.5,16.83,-1.1,-4.4,67,0,0,0,980,0.42,0.7,0,7
1/9/2024,32.6,16.83,-1.1,-7.2,68,0,0,0,983,0.79,0.1,0,1
1/10/2024,32.6,16.83,1.1,-5,66,163,10.4,1.2,994,1.81,0,0,0
1/11/2024,32.6,16.83,0,-10.6,65,186,9,1.5,1004,2.05,0,0,0
1/12/2024,32.6,16.83,-6.1,-11.1,64,182,5.2,0.7,1007,1.66,0,0,0
1/13/2024,32.6,16.83,-3.3,-6.7,62,182,3.4,0.5,998,3.08,0,0,0
1/14/2024,32.7,16.83,-3.9,-5,63,179,2.4,0.3,990,1.28,0.1,0,1
1/15/2024,33.2,16.83,0,-4.4,69,183,5.1,0.1,998,0.77,0.5,0,6
1/16/2024,33.2,16.83,1.1,-5,66,192,8.8,0.7,1010,1.57,0,0,0
1/17/2024,33.2,16.83,3.9,-7.8,65,186,10.6,1.4,1010,1.99,0,0,0
1/18/2024,33.3,16.83,1.7,-4.4,64,26,11.5,1.2,1012,7.4,0.1,0,0
1/19/2024,33.3,16.83,2.2,-3.9,63,182,17,2.8,1001,4.87,0,0,0
1/20/2024,33.3,16.85,5,0,62,167,20.1,2.8,989,5.97,0,0.02,0
1/21/2024,33.4,16.85,2.2,-6.7,62,179,15.6,2.6,984,5.51,0.1,0,0
1/22/2024,33.4,16.85,-6.7,-11.1,61,141,18.4,2.8,977,11.7,0,0,0
1/23/2024,33.4,16.85,-4.4,-10.6,60,174,20.6,3.3,977,13.47,0,0,0
1/24/2024,33.4,16.85,-3.9,-13.3,59,188,18.7,2,982,7.29,0,0,0
1/25/2024,33.4,16.85,-10.6,-14.4,59,185,5.9,2,985,6.34,0,0,0
1/26/2024,33.5,16.85,-8.3,-13.3,59,192,5,1.1,984,8.59,0.1,0,0
1/27/2024,33.6,16.85,-7.2,-8.9,60,298,4.6,0.1,967,4.87,0.1,0,1
1/28/2024,33.9,16.85,-8.3,-11.1,66,200,8.5,0.2,967,2.01,0.3,0,6
1/29/2024,35.9,16.85,-5,-9.4,89,0,0,0,952,1.07,2,0,23
1/30/2024,36.4,17.14,0.6,-5,82,309,12.9,0.1,970,1.98,0.5,0.29,0
1/31/2024,36.4,17.14,-3.9,-10.6,80,0,0,0,989,2.35,0,0,0
2/1/2024,36.4,17.14,-8.3,-13.3,78,0,0,0,984,1.44,0,0,0
2/2/2024,36.4,17.14,-8.3,-13.3,76,187,10.5,1,987,2.82,0,0,0
2/3/2024,36.4,17.14,-11.7,-19.4,75,174,13,2.4,997,6.57,0,0,0
2/4/2024,36.4,17.14,-15,-23.3,76,181,6.6,1.8,998,8.78,0,0,1
2/5/2024,36.6,17.14,-6.1,-15,81,173,3,0.5,993,4.2,0.2,0,5
2/6/2024,36.6,17.14,-3.9,-8.9,79,179,3.5,0.2,991,5.16,0,0,0
2/7/2024,36.7,17.14,-4.4,-11.1,78,186,4.5,1.4,995,2.47,0.1,0,0
2/8/2024,36.7,17.14,-2.2,-8.3,76,180,6.2,1.2,993,5.66,0,0,0
2/9/2024,36.7,17.14,-2.2,-7.2,75,182,4.8,1.3,988,4.72,0,0,0
2/10/2024,37,17.14,-1.1,-4.4,81,179,2.3,0.1,972,2,0.3,0,6
2/11/2024,38.4,17.14,0.6,-1.1,98,136,4.7,0,986,1.77,1.4,0,17
2/12/2024,38.9,17.15,0.6,-1.7,97,142,6.1,0.1,991,3.72,0.5,0.01,0
2/13/2024,39,17.15,0.6,-2.2,97,319,2.2,0,1006,1.41,0.1,0,0
2/14/2024,39.1,17.17,1.1,-5,92,181,5.3,0.7,1006,24.82,0.1,0.02,0
2/15/2024,39.1,17.17,-1.1,-6.7,90,191,5.9,2.2,1001,11.58,0,0,0
2/16/2024,39.1,17.17,0,-6.1,88,190,6.5,2,1003,12.29,0,0,0
2/17/2024,39.1,17.17,-0.5,-6.7,87,189,6.6,2.1,996,12.23,0,0,0
2/18/2024,39.6,17.22,1.7,-6.1,86,186,5,0.7,990,34.87,0.5,0.05,0
2/19/2024,39.7,17.31,1.7,-0.5,87,185,2.9,0.2,989,11.44,0.1,0.09,1
2/20/2024,41.1,18.1,1.7,0,85,177,2.4,0.2,985,17.11,1.4,0.79,0
2/21/2024,42.5,18.97,0.6,0,86,178,2.2,0.1,984,4.06,1.4,0.87,1
2/22/2024,43.4,19.36,1.7,-1.1,87,213,7.6,0.2,989,6.54,0.9,0.39,1
2/23/2024,44.5,19.36,0.6,-5,92,170,7.6,0.5,989,3.95,1.1,0,5
2/24/2024,44.6,19.36,-4.4,-10.6,90,182,4.6,1.8,996,4.88,0.1,0,0
2/25/2024,44.6,19.37,-2.2,-12.2,88,187,12.9,1.6,989,4.25,0,0.01,0
2/26/2024,44.6,19.37,-1.1,-6.1,87,190,15.1,1.4,998,8.38,0,0,0
2/27/2024,44.6,19.37,-4.4,-11.7,89,183,11.3,0.9,976,6.07,0,0,2
2/28/2024,44.8,19.37,-1.7,-7.2,87,180,14.6,1.6,970,10.56,0.2,0,0
2/29/2024,44.8,19.37,-6.1,-10.6,86,292,14.7,3.5,973,17.02,0,0,0
3/1/2024,44.8,19.37,-9.4,-11.7,85,183,18.8,4.6,985,17.22,0,0,0
3/2/2024,44.8,19.37,-10.6,-12.2,84,186,20.8,5,994,24.44,0,0,0
3/3/2024,44.8,19.37,-7.2,-12.2,83,177,19.2,3.9,998,45.01,0,0,0
3/4/2024,44.9,19.37,-6.7,-15.6,83,178,14.9,1.3,1001,69.15,0.1,0,0
3/5/2024,44.9,19.37,-5,-11.7,82,179,3.4,0.2,998,63.3,0,0,0
3/6/2024,44.9,19.37,2.2,-8.3,82,180,11.6,1,982,37.13,0,0,0
3/7/2024,44.9,19.37,1.7,-7.8,82,193,9.2,1.2,982,62.43,0,0,0
3/8/2024,44.9,19.37,-2.8,-9.4,81,186,6.4,1.3,973,71.54,0,0,0
3/9/2024,44.9,19.72,2.8,-3.3,81,180,10.1,0.4,966,78.9,0,0.35,0
3/10/2024,45,19.77,-0.5,-3.9,82,151,7.8,0.3,972,57.87,0.1,0.05,1
3/11/2024,45.3,19.77,0,-7.2,85,180,6.2,0.2,965,33.61,0.3,0,3
3/12/2024,45.3,19.77,0,-3.9,87,181,4,0.2,970,8.72,0,0,2
3/13/2024,45.3,20.25,4.5,-2.8,86,186,8.3,0.6,984,46.33,0,0.48,0
3/14/2024,45.4,20.39,0,-4.4,85,182,3.8,0.5,983,85.4,0.1,0.14,0
3/15/2024,45.4,20.43,3.4,-3.3,87,188,8.9,0.8,1002,81.1,0,0.04,2
3/16/2024,45.5,20.6,2.2,-3.3,87,184,8.7,0.4,989,31.37,0.1,0.17,0
3/17/2024,46.7,20.61,2.2,-1.1,100,178,7.1,0.2,983,4.09,1.2,0.01,13
3/18/2024,46.9,21.14,3.9,0,93,180,2.3,0,996,52.55,0.2,0.53,0
3/19/2024,47,21.25,4.5,-0.5,88,184,3.6,0.1,1010,87.7,0.1,0.11,0
3/20/2024,47,21.25,5,-2.8,86,187,4.5,0.6,1007,128.8,0,0,0
3/21/2024,47,21.25,3.4,-4.4,86,185,4.4,1.6,1002,139.1,0,0,0
3/22/2024,47,21.25,5,-3.9,85,185,5.2,1.6,1002,134.8,0,0,0
3/23/2024,47,21.25,3.4,-6.1,85,189,4.7,1.1,998,93.8,0,0,0
3/24/2024,47,21.25,5,-3.9,85,187,4.3,1.2,984,114.2,0,0,0
3/25/2024,47,21.25,5,-1.1,85,186,4.5,0.9,978,80.1,0,0,0
3/26/2024,47.4,21.85,1.7,-0.5,85,179,2.4,0.2,986,44.66,0.4,0.6,0
3/27/2024,47.6,22.13,3.4,0,84,180,2.6,0.5,991,86.2,0.2,0.28,0
3/28/2024,47.6,22.14,4.5,-0.5,83,185,3.2,0.7,990,124.2,0,0.01,0
3/29/2024,47.6,22.14,3.9,-2.8,83,186,3.7,1.4,996,187.1,0,0,0
3/30/2024,47.9,22.27,0.6,-2.2,89,189,3.6,0.4,991,42.46,0.3,0.13,6
3/31/2024,50,22.39,1.1,-1.7,98,147,15.7,0.1,969,6.65,2.1,0.12,9
4/1/2024,50.2,22.65,1.7,-1.1,99,127,6.6,0.3,988,12.74,0.2,0.26,1
4/2/2024,50.2,22.75,2.8,-3.3,98,195,3.5,0.5,982,14.18,0,0.1,0
4/3/2024,50.2,23.63,3.4,-6.1,96,182,6.7,1.6,1000,153.6,0,0.88,0
4/4/2024,50.2,23.82,3.9,-6.1,95,185,5.3,1.2,1004,149,0,0.19,0
4/5/2024,50.4,23.97,0.6,-3.9,96,192,4.4,0.6,989,61.22,0.2,0.15,1
4/6/2024,50.6,24.2,5.6,-2.2,96,187,4.4,0.4,980,104.3,0.2,0.23,0
4/7/2024,50.9,24.56,2.2,-1.1,96,198,3.5,0.4,981,72.64,0.3,0.36,0
4/8/2024,51,24.59,2.8,-5,94,181,5.8,0.8,974,207.6,0.1,0.03,0
4/9/2024,51,24.59,6.1,-1.1,94,177,7.4,0.7,981,221.7,0,0,0
4/10/2024,51.2,24.66,2.2,-1.7,99,191,3.4,0.4,991,101.6,0.2,0.07,5
4/11/2024,51.6,25.14,5,-2.2,96,186,4.4,0.8,993,128.8,0.4,0.48,0
4/12/2024,51.6,25.17,3.4,-1.7,95,200,7.3,0.6,989,126.8,0,0.03,0
4/13/2024,51.9,25.38,0.6,-2.2,99,189,4.1,0.2,983,57.68,0.3,0.21,4
4/14/2024,52,25.58,5.6,-3.9,94,186,4.1,0.8,995,240,0.1,0.2,0
4/15/2024,52,25.58,6.7,-5,93,188,4.6,1.7,1006,272.1,0,0,0
4/16/2024,52,25.58,3.9,-5,92,187,5,1.8,1014,273.6,0,0,0
4/17/2024,52,25.58,4.5,-4.4,91,186,4.1,1.3,1014,172.8,0,0,0
4/18/2024,52,25.58,4.5,-3.9,91,185,4.9,1.3,1013,207.2,0,0,0
4/19/2024,52,25.58,7.2,0.6,89,183,4.7,1.5,1010,199.3,0,0,0
4/20/2024,52,25.58,8.4,-1.1,89,184,5.1,2.1,1001,292,0,0,0
4/21/2024,52,25.58,6.7,-0.5,87,186,4.9,2.2,992,280.4,0,0,0
4/22/2024,52,25.59,6.1,-0.5,86,184,5.2,2,1000,161,0,0.01,0
4/23/2024,52,25.61,7.8,1.1,84,183,3.8,1.3,999,258.8,0,0.02,0
4/24/2024,52,25.61,6.1,1.1,82,183,4,1.6,993,295.3,0,0,0
4/25/2024,52,25.61,6.1,-0.5,80,184,4,2,995,290,0,0,0
4/26/2024,52,25.61,7.8,-0.5,79,185,6.4,1.9,997,288.3,0,0,0
4/27/2024,52,25.61,7.2,1.1,77,187,3.8,1.5,988,293.7,0,0,0
4/28/2024,52,25.61,7.2,-1.1,76,185,5,2.1,984,299.6,0,0,0
4/29/2024,52,25.61,10.6,1.7,75,183,6,2.2,994,317.3,0,0,0
4/30/2024,52,25.61,7.2,2.8,73,185,6.6,1.9,999,255.2,0,0,0
5/1/2024,52,25.62,6.7,2.2,71,187,4.4,1.5,1003,152.9,0,0.01,0
5/2/2024,52,25.67,7.2,1.7,70,185,3.6,1.4,1003,225.8,0,0.05,0
5/3/2024,52,25.67,5.6,2.2,68,184,4.4,1.7,996,185.5,0,0,0
5/4/2024,52,25.77,6.1,1.7,68,187,4.5,1.7,987,115.7,0,0.1,0
5/5/2024,52.5,26.44,3.4,0.6,67,181,5.1,1.4,976,97.2,0.5,0.67,0
5/6/2024,52.7,26.76,5.6,1.1,66,186,3.7,1.2,977,124.9,0.2,0.32,0
5/7/2024,52.7,26.76,7.8,1.1,64,186,3.6,1.4,987,251.4,0,0,0
5/8/2024,52.7,52.7,8.4,1.1,63,188,5.8,1.4,986,226.9,0,25.94,0
5/9/2024,53.1,53.23,6.7,1.1,62,188,6.8,1.3,1000,141.9,0.4,0.53,0
5/10/2024,53.5,53.72,3.9,0,61,184,5.6,1,998,147.4,0.4,0.49,0
5/11/2024,53.7,54.01,4.5,-1.1,59,190,8.6,0.5,997,168.5,0.2,0.29,0
5/12/2024,53.8,54.12,2.8,0,61,182,4.3,1.1,984,134.3,0.1,0.11,2
5/13/2024,53.8,54.27,5,1.7,59,185,4.1,1.5,990,184.2,0,0.15,0
5/14/2024,53.8,54.31,7.8,1.1,57,189,4.6,1.5,992,359.6,0,0.04,0
5/15/2024,53.8,54.31,7.8,2.2,56,190,5.2,1.7,996,348.1,0,0,0
5/16/2024,53.8,54.31,10,1.1,54,191,5.5,1.8,999,362.3,0,0,0
5/17/2024,53.8,54.31,6.7,1.1,53,190,4.3,1.6,998,156.4,0,0,0
5/18/2024,53.8,54.31,10,2.2,51,193,5.8,1.4,1001,330.6,0,0,0
5/19/2024,53.8,54.31,8.4,2.2,50,189,5.2,1.5,996,227.7,0,0,0
5/20/2024,53.8,54.44,8.4,1.7,48,190,6.5,1.6,996,260.3,0,0.13,0
5/21/2024,53.8,54.44,9.5,2.8,44,195,5.3,1.5,1000,354,0,0,0
5/22/2024,54.2,54.8,7.2,1.1,42,193,7.1,1.6,1000,152.8,0.4,0.36,0
5/23/2024,54.3,55.01,4.5,1.1,42,185,3.3,1,992,89.5,0.1,0.21,0
5/24/2024,54.3,55.05,11.7,1.7,41,193,5.1,1.4,992,383.2,0,0.04,0
5/25/2024,54.6,55.22,7.8,2.2,39,188,4.9,1.7,987,151.5,0.3,0.17,0
5/26/2024,54.6,55.24,8.9,2.2,37,194,5.4,1.5,986,242.7,0,0.02,0
5/27/2024,54.6,55.33,11.7,2.8,32,192,5.3,1.8,989,331.5,0,0.09,0
5/28/2024,54.8,55.54,7.8,3.4,31,191,5.3,1.7,994,165.6,0.2,0.21,0
5/29/2024,55.2,55.85,6.7,2.8,31,192,4.6,1.5,997,121.9,0.4,0.31,0
5/30/2024,55.2,55.9,9.5,2.8,29,192,3.6,1.4,1003,197.2,0,0.05,0
5/31/2024,55.2,55.91,11.1,2.8,25,198,4.6,1.5,999,237.7,0,0.01,0
6/1/2024,55.2,55.91,11.7,1.7,23,193,4.8,1.6,986,252.9,0,0,0
6/2/2024,55.3,56.06,10,3.9,23,191,4.4,1.3,982,180,0.1,0.15,0
6/3/2024,55.3,56.06,11.7,3.4,20,204,6.2,1.4,976,257,0,0,0
6/4/2024,55.3,56.09,11.7,3.4,16,196,4.4,1.7,974,278.7,0,0.03,0
6/5/2024,55.3,56.12,16.1,4.5,14,212,5,1.5,977,383,0,0.03,0
6/6/2024,56,56.76,8.4,3.9,12,192,4.7,1.5,991,156.8,0.7,0.64,0
6/7/2024,56.1,56.97,8.9,3.4,10,194,4.6,1.1,1007,134.5,0.1,0.21,0
6/8/2024,56.1,56.97,12.8,3.4,6,214,7.9,1.6,1000,382.8,0,0,0
6/9/2024,56.1,56.97,15.6,4.5,5,189,5.6,2,995,174.4,0,0,0
6/10/2024,56.2,57.03,11.7,4.5,3,200,5.9,1.4,993,147.2,0.1,0.06,0
6/11/2024,56.3,57.12,12.8,4.5,0,210,6.5,1.1,990,232,0.1,0.09,0
6/12/2024,56.5,57.36,11.7,4.5,0,200,7,1.2,996,188.4,0.2,0.24,0
6/13/2024,56.5,57.38,10,4.5,0,205,6,0.5,1005,120.2,0,0.02,0
6/14/2024,56.5,57.38,13.9,3.9,0,282,6,1.1,1000,295.8,0,0,0
6/15/2024,56.5,57.38,23.4,4.5,0,205,7.2,0.8,998,395.2,0,0,0
6/16/2024,56.5,57.38,16.7,6.7,0,299,8.8,1.3,1002,394.2,0,0,0
6/17/2024,56.5,57.38,19.5,5.6,0,224,4.6,1.7,1001,394.8,0,0,0
6/18/2024,56.5,57.38,17.8,5.6,1,250,6.5,1.5,999,394.4,0,0,1
6/19/2024,56.5,57.38,13.4,6.1,2,236,5.1,1,1000,173.7,0,0,1
6/20/2024,56.5,57.38,15,6.7,0,224,8.9,1.6,1000,370.2,0,0,0
6/21/2024,56.5,57.38,16.7,4.5,0,245,5.8,1.4,997,303.6,0,0,0
6/22/2024,56.5,57.38,18.4,5.6,0,234,6.7,1.8,989,394.1,0,0,0
6/23/2024,56.5,57.38,21.1,6.7,0,232,8.1,1.6,989,382,0,0,0
6/24/2024,56.5,57.38,20,7.2,0,241,8.6,1.5,995,376.7,0,0,0
6/25/2024,56.5,57.38,17.8,8.9,0,231,5.2,1,1002,234.5,0,0,0
6/26/2024,56.5,57.38,15.6,8.9,0,281,6.8,1,1000,249,0,0,0
6/27/2024,56.5,57.38,16.7,8.9,0,265,5.3,1.1,996,273.2,0,0,0
6/28/2024,56.5,57.38,18.4,8.9,0,285,6.2,1.2,995,342,0,0,0
6/29/2024,56.5,57.38,17.8,8.4,0,271,6.3,1.2,995,288.1,0,0,0
6/30/2024,56.5,57.38,21.1,8.9,0,263,9.5,1.3,993,389.6,0,0,0
7/1/2024,56.5,57.6,15,10,0,256,5,0.6,1000,122.5,0,0.22,0
7/2/2024,56.6,57.76,13.4,9.5,0,127,4,0.3,1004,123.2,0.1,0.16,0
7/3/2024,56.6,57.77,13.4,8.9,0,228,3.7,0.7,1009,139,0,0.01,0
7/4/2024,56.6,57.77,13.9,9.5,0,324,6.4,0.7,1010,172.2,0,0,0
7/5/2024,56.8,57.81,12.2,9.5,0,305,7.6,0.7,1007,100.4,0.2,0.04,0
7/6/2024,56.8,57.85,11.1,8.9,0,326,5.7,0.3,1008,85.3,0,0.04,0
7/7/2024,57.2,58.33,11.7,8.9,0,318,5,0.5,1005,94.6,0.4,0.48,0
7/8/2024,57.2,58.33,12.2,8.9,0,248,2.3,0.2,1001,103,0,0,0
7/9/2024,57.2,58.35,13.9,8.9,0,348,5,0.3,995,133.9,0,0.02,0
7/10/2024,57.2,58.37,15,9.5,0,202,3.9,0.6,991,150.1,0,0.02,0
7/11/2024,57.3,58.56,13.9,9.5,0,341,4.8,0.4,996,130.1,0.1,0.19,0
7/12/2024,57.5,58.71,13.4,8.9,0,278,5.7,0.4,1000,147.2,0.2,0.15,0
7/13/2024,57.6,58.85,12.8,8.9,0,297,5.4,0.5,997,123.9,0.1,0.14,0
7/14/2024,58.3,59.62,10.6,8.9,0,253,2.2,0.1,984,68.92,0.7,0.77,0
7/15/2024,59.4,60.74,12.2,9.5,0,327,10.3,0.7,992,126.1,1.1,1.12,0
7/16/2024,59.5,60.81,12.8,8.9,0,317,8.8,0.4,995,139.1,0.1,0.07,0
7/17/2024,59.7,61,11.1,8.4,0,342,3.8,0.2,997,117.1,0.2,0.19,0
7/18/2024,59.7,61.02,15,7.8,0,11,5.1,0.5,996,236.4,0,0.02,0
7/19/2024,59.7,61.02,12.8,8.4,0,202,4.6,0.5,1002,135.1,0,0,0
7/20/2024,59.4,61.02,18.4,6.1,0,159,4.4,1.1,1002,358.7,0,0,0
7/21/2024,59.4,61.02,20,9.5,0,198,4.2,1.1,1003,264.4,0,0,0
7/22/2024,59.3,61.02,22.3,10,0,255,4.3,1.1,998,312.5,0,0,0
7/23/2024,60,61.65,13.9,11.7,0,211,3.4,0.3,1001,37.03,0.7,0.63,0
7/24/2024,60,61.65,17.3,9.5,0,304,4.1,0.6,996,233.5,0,0,0
7/25/2024,60,61.65,15.6,11.1,0,302,5.1,0.8,1002,131.6,0,0,0
7/26/2024,60.2,61.73,13.4,11.1,0,343,5.4,0.3,1001,85.5,0.2,0.08,0
7/27/2024,61,62.54,12.2,10.6,0,353,6.4,0.2,991,65.7,0.8,0.81,0
7/28/2024,61.1,62.74,14.5,10,0,342,4.4,0.3,989,153.9,0.1,0.2,0
7/29/2024,61.2,62.85,12.2,10,0,195,4.4,0.4,988,99.6,0.1,0.11,0
7/30/2024,61.7,63.37,11.1,8.9,0,327,2.4,0.2,981,76.2,0.5,0.52,0
7/31/2024,61.8,63.52,12.8,8.9,0,24,3.6,0.3,987,138.3,0.1,0.15,0
8/1/2024,61.8,63.53,17.3,7.8,0,76,5.6,0.7,999,324.9,0,0.01,0
8/2/2024,61.8,63.59,13.4,10.6,0,251,6.4,0.4,1007,72.67,0,0.06,0
8/3/2024,61.8,63.62,15,10.6,0,216,5.9,0.6,1009,118.2,0,0.03,0
8/4/2024,61.8,63.65,16.1,10,0,336,4.8,0.7,1008,236.8,0,0.03,0
8/5/2024,61.8,63.65,18.4,8.4,0,213,6.3,1.2,1002,321.8,0,0,0
8/6/2024,61.8,63.65,21.7,9.5,0,22,7.8,0.5,1000,319.4,0,0,0
8/7/2024,61.8,63.65,15.6,11.7,0,133,3.5,0.1,1003,102.4,0,0,0
8/8/2024,62.5,64.58,15,12.2,0,337,3.2,0.1,999,79.28,0.7,0.93,0
8/9/2024,65.2,67.53,13.4,11.7,0,350,1.5,0,994,43.91,2.7,2.95,0
8/10/2024,65.8,67.96,13.9,10,0,185,3.2,0.2,997,132.1,0.6,0.43,0
8/11/2024,67,69.13,10.6,7.8,0,218,4.5,0.4,994,57.92,1.2,1.17,0
8/12/2024,68,70.29,10.6,6.1,0,322,7,0.2,991,90.5,1,1.16,0
8/13/2024,68,70.3,13.9,8.4,0,188,2.7,0.1,996,124.6,0,0.01,0
8/14/2024,67.9,70.3,18.9,6.7,0,311,6,0.7,1000,297.8,0,0,0
8/15/2024,67.8,70.3,17.3,7.2,0,29,3.8,0.3,1006,192.7,0,0,0
8/16/2024,68,70.3,13.4,8.9,0,184,6.6,0.4,1005,108.6,0.2,0,0
8/17/2024,68.1,70.51,12.2,8.9,0,284,3.3,0.3,1003,90.9,0.1,0.21,0
8/18/2024,68,70.51,17.3,9.5,0,203,5.1,0.4,1002,255.5,0,0,0
8/19/2024,68.4,70.95,15.6,8.9,0,348,4.7,0.2,991,104,0.4,0.44,0
8/20/2024,68.6,71.05,13.9,10,0,13,0.4,0,992,115.7,0.2,0.1,0
8/21/2024,68.6,71.05,18.9,8.4,0,186,8.9,0.3,1002,277.4,0,0,0
8/22/2024,68.9,71.29,12.8,8.4,0,336,4.1,0.1,999,77.11,0.3,0.24,0
8/23/2024,68.9,71.33,15,8.4,0,356,3.3,0.1,990,225.2,0,0.04,0
8/24/2024,68.9,71.36,16.1,8.4,0,336,5.8,0.2,988,145.3,0,0.03,0
8/25/2024,69.7,72.09,10,7.8,0,0,0,0,985,24.95,0.8,0.73,0
8/26/2024,69.6,72.15,16.1,7.2,0,170,7.5,0.7,989,158.3,0,0.06,0
8/27/2024,70,72.58,12.8,8.9,0,300,2.6,0.1,995,86.7,0.4,0.43,0
8/28/2024,71.1,73.74,10,7.8,0,225,4.3,0.3,989,50.36,1.1,1.16,0
8/29/2024,71.7,74.29,10.6,8.4,0,316,2.7,0.1,993,68.24,0.6,0.55,0
8/30/2024,71.7,74.34,11.1,7.8,0,324,4.1,0.1,996,97.3,0,0.05,0
8/31/2024,71.7,74.36,11.7,7.2,0,181,2.8,0.2,990,80.7,0,0.02,0
9/1/2024,72.1,74.75,11.1,8.4,0,193,4,0.2,989,59.07,0.4,0.39,0
9/2/2024,72,74.78,13.4,7.8,0,200,4,0.4,994,111,0,0.03,0
9/3/2024,72.2,74.93,12.2,8.9,0,184,3,0.3,999,84.6,0.2,0.15,0
9/4/2024,72.2,74.95,12.2,8.4,0,203,3.1,0.2,1002,85.4,0,0.02,0
9/5/2024,72.5,75.29,11.1,8.4,0,187,3.3,0.4,987,53.59,0.3,0.34,0
9/6/2024,73.7,76.46,-73.4,-73.4,0,5,48.5,40.9,986,47.28,1.2,1.17,0
9/7/2024,74.3,77.02,-73.4,-73.4,0,4,49.2,55.4,993,46.93,0.6,0.56,0
9/8/2024,74.3,77.03,-73.4,-73.4,0,4,49.3,73.8,999,45.15,0,0.01,0
9/9/2024,74.3,77.05,-73.4,-73.4,0,2,48.4,35.1,997,46.45,0,0.02,0
9/10/2024,74.5,77.19,-73.4,-73.4,0,2,48,32.5,998,46.47,0.2,0.14,0
9/11/2024,74.7,77.52,-73.4,-73.4,0,3,48.5,46.2,993,47.06,0.2,0.33,0
9/12/2024,75.3,78.07,-73.4,-73.4,3,2,47.7,22.9,981,46.22,0.6,0.55,3
9/13/2024,75.7,78.46,-73.4,-73.4,3,8,49,67.6,977,45.53,0.4,0.39,0
9/14/2024,75.6,78.46,-73.4,-73.4,4,4,49.8,95.3,991,43.73,0,0,1
9/15/2024,76.3,79.05,-73.4,-73.4,4,6,49,23.2,985,46.2,0.7,0.59,0
9/16/2024,76.7,79.44,-73.4,-73.4,2,4,46.9,47,984,45.06,0.4,0.39,0
9/17/2024,77.1,79.79,-73.4,-73.4,7,6,45.1,50.3,991,42.92,0.4,0.35,5
9/18/2024,77.7,80.44,-73.4,-73.4,6,3,43.8,27.4,982,41.59,0.6,0.65,0
9/19/2024,78.5,81,-73.4,-73.4,4,9,42.4,39.5,988,40.4,0.8,0.56,0
9/20/2024,78.4,81.03,-73.4,-73.4,1,4,44.9,92.3,993,38.05,0,0.03,0
9/21/2024,78.5,81.05,-73.4,-73.4,4,4,45.4,71.9,984,40.18,0.1,0.02,3
9/22/2024,78.6,81.05,-73.4,-73.4,1,11,47.7,94.6,984,39.32,0.1,0,0
9/23/2024,78.5,81.05,-73.4,-73.4,3,8,42.3,34.9,965,38.35,0,0,2
9/24/2024,78.9,81.56,-73.4,-73.4,3,12,45.3,27.7,969,42.97,0.4,0.51,0
9/25/2024,79.3,81.91,-73.4,-73.4,0,6,44.6,17,977,42.76,0.4,0.35,0
9/26/2024,79.3,81.97,-73.4,-73.4,0,2,44.6,50.5,980,42.06,0,0.06,0
9/27/2024,79.7,82.17,-73.4,-73.4,0,4,43.5,52.6,984,38.18,0.4,0.2,0
9/28/2024,79.7,82.17,-73.4,-73.4,0,4,41.9,62.7,995,37.04,0,0,0
9/29/2024,79.7,82.22,-73.4,-73.4,0,3,43.4,40.6,997,41.36,0,0.05,0
9/30/2024,79.7,82.22,-73.4,-73.4,0,4,42.9,55.4,1003,37.26,0,0,0
9/30/2024,79.7,82.22,-99.9,-99.9,0,-99.9,-99.9,-99.9,-99.9,-99.9,0,0,0
10/1/2024,0,0,-73.4,-73.4,0,12,44.6,58.8,980,34.5,0,0,0
10/2/2024,0.2,0,-73.4,-73.4,0,7,44.2,48.7,990,38.21,0.2,0,0
10/3/2024,0.2,0.07,-73.4,-73.4,0,6,41.2,52.6,994,35.8,0,0.07,0
10/4/2024,0.3,0.23,-73.4,-73.4,0,3,39.4,31.2,985,36.26,0.1,0.16,0
10/5/2024,0.4,0.34,-73.4,-73.4,0,3,40.4,26,968,38.87,0.1,0.11,0
10/6/2024,1,0.95,-73.4,-73.4,0,6,40.5,16.8,981,38.45,0.6,0.61,0
10/7/2024,1.3,1.16,-73.4,-73.4,0,3,39.6,27.5,972,37.59,0.3,0.21,0
10/8/2024,1.4,1.21,-73.4,-73.4,0,3,39.9,33.7,982,36.81,0.1,0.05,0
10/9/2024,1.4,1.21,-73.4,-73.4,0,4,39.2,32.1,983,35.81,0,0,0
10/10/2024,1.4,1.22,-73.4,-73.4,0,4,37.4,32.1,988,33.04,0,0.01,0
10/11/2024,1.4,1.39,-73.4,-73.4,0,3,38.5,31.1,994,37.21,0,0.17,0
10/12/2024,1.4,1.41,-73.4,-73.4,0,14,39.8,25.3,974,34.36,0,0.02,0
10/13/2024,2.2,2.05,-73.4,-73.4,0,13,40,13,972,36.86,0.8,0.64,0
10/14/2024,2.5,2.31,-73.4,-73.4,0,4,38.3,17.3,977,34.69,0.3,0.26,0
10/15/2024,2.5,2.32,-73.4,-73.4,0,3,38.1,32,987,33.64,0,0.01,0
10/16/2024,2.6,2.32,-73.4,-73.4,7,4,38.8,19.4,991,34.64,0.1,0,7
10/17/2024,2.6,2.32,-73.4,-73.4,3,12,36.3,24.9,987,31.79,0,0,0